2026-09-10 03:11:55,961 INFO o.a.j.u.JMeterUtils: Setting Locale to en_EN
2026-09-10 03:11:55,976 INFO o.a.j.JMeter: Loading user properties from: /opt/apache-jmeter-5.6.3/bin/user.properties
2026-09-10 03:11:55,977 INFO o.a.j.JMeter: Loading system properties from: /opt/apache-jmeter-5.6.3/bin/system.properties
2026-09-10 03:11:55,977 INFO o.a.j.JMeter: Setting JMeter property: loadtestlink=https://order.smartone.com/jsp/smartpass/english/customer.jsp?tm=20260911_0859
2026-09-10 03:11:55,977 INFO o.a.j.JMeter: Setting JMeter property: hittarget=true
2026-09-10 03:11:55,977 INFO o.a.j.JMeter: Setting JMeter property: rate=100
2026-09-10 03:11:55,977 INFO o.a.j.JMeter: Setting JMeter property: threads=20
2026-09-10 03:11:55,977 INFO o.a.j.JMeter: Setting JMeter property: rampup=30
2026-09-10 03:11:55,977 INFO o.a.j.JMeter: Setting JMeter property: duration=600
2026-09-10 03:11:55,977 INFO o.a.j.JMeter: Setting JMeter property: loops=-1
2026-09-10 03:11:55,984 INFO o.a.j.JMeter: Copyright (c) 1998-2024 The Apache Software Foundation
2026-09-10 03:11:55,984 INFO o.a.j.JMeter: Version 5.6.3
2026-09-10 03:11:55,984 INFO o.a.j.JMeter: java.version=17.0.20
2026-09-10 03:11:55,984 INFO o.a.j.JMeter: java.vm.name=OpenJDK 64-Bit Server VM
2026-09-10 03:11:55,984 INFO o.a.j.JMeter: os.name=Linux
2026-09-10 03:11:55,984 INFO o.a.j.JMeter: os.arch=amd64
2026-09-10 03:11:55,985 INFO o.a.j.JMeter: os.version=6.17.0-1017-aws
2026-09-10 03:11:55,985 INFO o.a.j.JMeter: file.encoding=UTF-8
2026-09-10 03:11:55,985 INFO o.a.j.JMeter: java.awt.headless=true
2026-09-10 03:11:55,985 INFO o.a.j.JMeter: Max memory     =2147483648
2026-09-10 03:11:55,985 INFO o.a.j.JMeter: Available Processors =4
2026-09-10 03:11:55,993 INFO o.a.j.JMeter: Default Locale=English (EN)
2026-09-10 03:11:55,993 INFO o.a.j.JMeter: JMeter  Locale=English (EN)
2026-09-10 03:11:55,993 INFO o.a.j.JMeter: JMeterHome=/opt/apache-jmeter-5.6.3
2026-09-10 03:11:55,993 INFO o.a.j.JMeter: user.dir  =/root/flowguides/Jmeter
2026-09-10 03:11:55,993 INFO o.a.j.JMeter: PWD       =/root/flowguides/Jmeter
2026-09-10 03:11:55,995 INFO o.a.j.JMeter: IP: 172.31.7.219 Name: ip-172-31-7-219 FullName: ip-172-31-7-219.ap-east-1.compute.internal
2026-09-10 03:11:56,005 INFO o.a.j.s.FileServer: Default base='/root/flowguides/Jmeter'
2026-09-10 03:11:56,006 INFO o.a.j.s.FileServer: Set new base='/root/flowguides/Jmeter'
2026-09-10 03:11:56,190 INFO o.a.j.s.SaveService: Testplan (JMX) version: 2.2. Testlog (JTL) version: 2.2
2026-09-10 03:11:56,214 INFO o.a.j.s.SaveService: Using SaveService properties version 5.0
2026-09-10 03:11:56,217 INFO o.a.j.s.SaveService: Using SaveService properties file encoding UTF-8
2026-09-10 03:11:56,220 INFO o.a.j.s.SaveService: Loading file: livetest.jmx
2026-09-10 03:11:56,276 INFO o.a.j.p.h.c.CookieManager: Settings: Delete null: true Check: true Allow variable: true Save: false Prefix: COOKIE_
2026-09-10 03:11:56,308 INFO o.a.j.p.h.s.HTTPSamplerBase: Parser for text/html is org.apache.jmeter.protocol.http.parser.LagartoBasedHtmlParser
2026-09-10 03:11:56,308 INFO o.a.j.p.h.s.HTTPSamplerBase: Parser for application/xhtml+xml is org.apache.jmeter.protocol.http.parser.LagartoBasedHtmlParser
2026-09-10 03:11:56,309 INFO o.a.j.p.h.s.HTTPSamplerBase: Parser for application/xml is org.apache.jmeter.protocol.http.parser.LagartoBasedHtmlParser
2026-09-10 03:11:56,309 INFO o.a.j.p.h.s.HTTPSamplerBase: Parser for text/xml is org.apache.jmeter.protocol.http.parser.LagartoBasedHtmlParser
2026-09-10 03:11:56,309 INFO o.a.j.p.h.s.HTTPSamplerBase: Parser for text/vnd.wap.wml is org.apache.jmeter.protocol.http.parser.RegexpHTMLParser
2026-09-10 03:11:56,309 INFO o.a.j.p.h.s.HTTPSamplerBase: Parser for text/css is org.apache.jmeter.protocol.http.parser.CssParser
2026-09-10 03:11:56,366 INFO o.a.j.JMeter: Creating summariser <summary>
2026-09-10 03:11:56,378 INFO o.a.j.e.StandardJMeterEngine: Running the test!
2026-09-10 03:11:56,379 INFO o.a.j.s.SampleEvent: List of sample_variables: []
2026-09-10 03:11:56,379 INFO o.a.j.s.SampleEvent: List of sample_variables: []
2026-09-10 03:11:56,384 INFO o.a.j.e.u.CompoundVariable: Note: Function class names must contain the string: '.functions.'
2026-09-10 03:11:56,384 INFO o.a.j.e.u.CompoundVariable: Note: Function class names must not contain the string: '.gui.'
2026-09-10 03:11:56,419 INFO o.a.j.r.ClassFinder: Will scan jar /opt/apache-jmeter-5.6.3/lib/ext/jmeter-plugins-cmn-jmeter-0.6.jar with filter ExtendsClassFilter [parents=[interface org.apache.jmeter.functions.Function], inner=false, contains=null, notContains=null]. Consider exposing JMeter plugins via META-INF/services, and add JMeter-Skip-Class-Scanning=true manifest attribute so JMeter can skip classfile scanning
2026-09-10 03:11:56,440 INFO o.a.j.r.ClassFinder: Will scan jar /opt/apache-jmeter-5.6.3/lib/ext/jmeter-plugins-casutg-2.10.jar with filter ExtendsClassFilter [parents=[interface org.apache.jmeter.functions.Function], inner=false, contains=null, notContains=null]. Consider exposing JMeter plugins via META-INF/services, and add JMeter-Skip-Class-Scanning=true manifest attribute so JMeter can skip classfile scanning
2026-09-10 03:11:56,682 INFO o.a.j.JMeter: Running test (1789009916682)
2026-09-10 03:11:56,709 INFO o.a.j.e.StandardJMeterEngine: Starting ThreadGroup: 1 : Normal Flow Group
2026-09-10 03:11:56,709 INFO o.a.j.e.StandardJMeterEngine: Starting 20 threads for group Normal Flow Group.
2026-09-10 03:11:56,710 INFO o.a.j.e.StandardJMeterEngine: Thread will continue on error
2026-09-10 03:11:56,710 INFO o.a.j.t.ThreadGroup: Starting thread group... number=1 threads=20 ramp-up=30 delayedStart=false
2026-09-10 03:11:56,717 INFO o.a.j.t.JMeterThread: Thread started: Normal Flow Group 1-1
2026-09-10 03:11:56,761 INFO o.a.j.t.ThreadGroup: Started thread group number 1
2026-09-10 03:11:56,761 INFO o.a.j.e.StandardJMeterEngine: All thread groups have been started
2026-09-10 03:11:57,383 ERROR o.a.j.m.JSR223PreProcessor: Problem in JSR223 script, Extracting Test Variables
javax.script.ScriptException: java.lang.IllegalStateException: LOADTESTLINK must contain both c= and e= parameters, got: https://order.smartone.com/jsp/smartpass/english/customer.jsp?tm=20260911_0859
	at org.codehaus.groovy.jsr223.GroovyScriptEngineImpl.eval(GroovyScriptEngineImpl.java:320) ~[groovy-jsr223-3.0.20.jar:3.0.20]
	at org.codehaus.groovy.jsr223.GroovyCompiledScript.eval(GroovyCompiledScript.java:71) ~[groovy-jsr223-3.0.20.jar:3.0.20]
	at java.scripting/javax.script.CompiledScript.eval(CompiledScript.java:93) ~[java.scripting:?]
	at org.apache.jmeter.util.JSR223TestElement.processFileOrScript(JSR223TestElement.java:230) ~[ApacheJMeter_core.jar:5.6.3]
	at org.apache.jmeter.modifiers.JSR223PreProcessor.process(JSR223PreProcessor.java:45) [ApacheJMeter_components.jar:5.6.3]
	at org.apache.jmeter.threads.JMeterThread.runPreProcessors(JMeterThread.java:983) [ApacheJMeter_core.jar:5.6.3]
	at org.apache.jmeter.threads.JMeterThread.executeSamplePackage(JMeterThread.java:561) [ApacheJMeter_core.jar:5.6.3]
	at org.apache.jmeter.threads.JMeterThread.processSampler(JMeterThread.java:501) [ApacheJMeter_core.jar:5.6.3]
	at org.apache.jmeter.threads.JMeterThread.run(JMeterThread.java:268) [ApacheJMeter_core.jar:5.6.3]
	at java.base/java.lang.Thread.run(Thread.java:840) [?:?]
Caused by: java.lang.IllegalStateException: LOADTESTLINK must contain both c= and e= parameters, got: https://order.smartone.com/jsp/smartpass/english/customer.jsp?tm=20260911_0859
	at java.base/jdk.internal.reflect.NativeConstructorAccessorImpl.newInstance0(Native Method) ~[?:?]
	at java.base/jdk.internal.reflect.NativeConstructorAccessorImpl.newInstance(NativeConstructorAccessorImpl.java:77) ~[?:?]
	at java.base/jdk.internal.reflect.DelegatingConstructorAccessorImpl.newInstance(DelegatingConstructorAccessorImpl.java:45) ~[?:?]
	at java.base/java.lang.reflect.Constructor.newInstanceWithCaller(Constructor.java:500) ~[?:?]
	at java.base/java.lang.reflect.Constructor.newInstance(Constructor.java:481) ~[?:?]
	at org.codehaus.groovy.reflection.CachedConstructor.invoke(CachedConstructor.java:72) ~[groovy-3.0.20.jar:3.0.20]
	at org.codehaus.groovy.runtime.callsite.ConstructorSite$ConstructorSiteNoUnwrapNoCoerce.callConstructor(ConstructorSite.java:105) ~[groovy-3.0.20.jar:3.0.20]
	at org.codehaus.groovy.runtime.callsite.CallSiteArray.defaultCallConstructor(CallSiteArray.java:59) ~[groovy-3.0.20.jar:3.0.20]
	at org.codehaus.groovy.runtime.callsite.AbstractCallSite.callConstructor(AbstractCallSite.java:263) ~[groovy-3.0.20.jar:3.0.20]
	at org.codehaus.groovy.runtime.callsite.AbstractCallSite.callConstructor(AbstractCallSite.java:277) ~[groovy-3.0.20.jar:3.0.20]
	at Script1.run(Script1.groovy:12) ~[?:?]
	at org.codehaus.groovy.jsr223.GroovyScriptEngineImpl.eval(GroovyScriptEngineImpl.java:317) ~[groovy-jsr223-3.0.20.jar:3.0.20]
	... 9 more
2026-09-10 03:11:57,396 INFO o.a.j.p.h.s.HTTPHCAbstractImpl: Local host = ip-172-31-7-219
2026-09-10 03:11:57,400 INFO o.a.j.p.h.s.HTTPHC4Impl: HTTP request retry count = 0
2026-09-10 03:11:57,401 INFO o.a.j.s.SampleResult: Note: Sample TimeStamps are START times
2026-09-10 03:11:57,402 INFO o.a.j.s.SampleResult: sampleresult.default.encoding is set to UTF-8
2026-09-10 03:11:57,402 INFO o.a.j.s.SampleResult: sampleresult.useNanoTime=true
2026-09-10 03:11:57,402 INFO o.a.j.s.SampleResult: sampleresult.nanoThreadSleep=5000
2026-09-10 03:11:57,624 INFO o.a.j.p.h.s.h.LazyLayeredConnectionSocketFactory: Setting up HTTPS TrustAll Socket Factory
2026-09-10 03:11:57,629 INFO o.a.j.u.JsseSSLManager: Using default SSL protocol: TLS
2026-09-10 03:11:57,629 INFO o.a.j.u.JsseSSLManager: SSL session context: per-thread
2026-09-10 03:11:57,673 INFO o.a.j.u.SSLManager: JmeterKeyStore Location:  type JKS
2026-09-10 03:11:57,676 INFO o.a.j.u.SSLManager: KeyStore created OK
2026-09-10 03:11:57,676 WARN o.a.j.u.SSLManager: Keystore file not found, loading empty keystore
2026-09-10 03:11:57,825 ERROR o.a.j.m.JSR223PreProcessor: Problem in JSR223 script, Extracting Test Variables
javax.script.ScriptException: java.lang.IllegalStateException: LOADTESTLINK must contain both c= and e= parameters, got: https://order.smartone.com/jsp/smartpass/english/customer.jsp?tm=20260911_0859
	at org.codehaus.groovy.jsr223.GroovyScriptEngineImpl.eval(GroovyScriptEngineImpl.java:320) ~[groovy-jsr223-3.0.20.jar:3.0.20]
	at org.codehaus.groovy.jsr223.GroovyCompiledScript.eval(GroovyCompiledScript.java:71) ~[groovy-jsr223-3.0.20.jar:3.0.20]
	at java.scripting/javax.script.CompiledScript.eval(CompiledScript.java:93) ~[java.scripting:?]
	at org.apache.jmeter.util.JSR223TestElement.processFileOrScript(JSR223TestElement.java:230) ~[ApacheJMeter_core.jar:5.6.3]
	at org.apache.jmeter.modifiers.JSR223PreProcessor.process(JSR223PreProcessor.java:45) [ApacheJMeter_components.jar:5.6.3]
	at org.apache.jmeter.threads.JMeterThread.runPreProcessors(JMeterThread.java:983) [ApacheJMeter_core.jar:5.6.3]
	at org.apache.jmeter.threads.JMeterThread.executeSamplePackage(JMeterThread.java:561) [ApacheJMeter_core.jar:5.6.3]
	at org.apache.jmeter.threads.JMeterThread.processSampler(JMeterThread.java:501) [ApacheJMeter_core.jar:5.6.3]
	at org.apache.jmeter.threads.JMeterThread.run(JMeterThread.java:268) [ApacheJMeter_core.jar:5.6.3]
	at java.base/java.lang.Thread.run(Thread.java:840) [?:?]
Caused by: java.lang.IllegalStateException: LOADTESTLINK must contain both c= and e= parameters, got: https://order.smartone.com/jsp/smartpass/english/customer.jsp?tm=20260911_0859
	at java.base/jdk.internal.reflect.NativeConstructorAccessorImpl.newInstance0(Native Method) ~[?:?]
	at java.base/jdk.internal.reflect.NativeConstructorAccessorImpl.newInstance(NativeConstructorAccessorImpl.java:77) ~[?:?]
	at java.base/jdk.internal.reflect.DelegatingConstructorAccessorImpl.newInstance(DelegatingConstructorAccessorImpl.java:45) ~[?:?]
	at java.base/java.lang.reflect.Constructor.newInstanceWithCaller(Constructor.java:500) ~[?:?]
	at java.base/java.lang.reflect.Constructor.newInstance(Constructor.java:481) ~[?:?]
	at org.codehaus.groovy.reflection.CachedConstructor.invoke(CachedConstructor.java:72) ~[groovy-3.0.20.jar:3.0.20]
	at org.codehaus.groovy.runtime.callsite.ConstructorSite$ConstructorSiteNoUnwrapNoCoerce.callConstructor(ConstructorSite.java:105) ~[groovy-3.0.20.jar:3.0.20]
	at org.codehaus.groovy.runtime.callsite.AbstractCallSite.callConstructor(AbstractCallSite.java:277) ~[groovy-3.0.20.jar:3.0.20]
	at Script1.run(Script1.groovy:12) ~[?:?]
	at org.codehaus.groovy.jsr223.GroovyScriptEngineImpl.eval(GroovyScriptEngineImpl.java:317) ~[groovy-jsr223-3.0.20.jar:3.0.20]
	... 9 more
2026-09-10 03:11:57,927 ERROR o.a.j.m.JSR223PreProcessor: Problem in JSR223 script, Extracting Test Variables
javax.script.ScriptException: java.lang.IllegalStateException: LOADTESTLINK must contain both c= and e= parameters, got: https://order.smartone.com/jsp/smartpass/english/customer.jsp?tm=20260911_0859
	at org.codehaus.groovy.jsr223.GroovyScriptEngineImpl.eval(GroovyScriptEngineImpl.java:320) ~[groovy-jsr223-3.0.20.jar:3.0.20]
	at org.codehaus.groovy.jsr223.GroovyCompiledScript.eval(GroovyCompiledScript.java:71) ~[groovy-jsr223-3.0.20.jar:3.0.20]
	at java.scripting/javax.script.CompiledScript.eval(CompiledScript.java:93) ~[java.scripting:?]
	at org.apache.jmeter.util.JSR223TestElement.processFileOrScript(JSR223TestElement.java:230) ~[ApacheJMeter_core.jar:5.6.3]
	at org.apache.jmeter.modifiers.JSR223PreProcessor.process(JSR223PreProcessor.java:45) [ApacheJMeter_components.jar:5.6.3]
	at org.apache.jmeter.threads.JMeterThread.runPreProcessors(JMeterThread.java:983) [ApacheJMeter_core.jar:5.6.3]
	at org.apache.jmeter.threads.JMeterThread.executeSamplePackage(JMeterThread.java:561) [ApacheJMeter_core.jar:5.6.3]
	at org.apache.jmeter.threads.JMeterThread.processSampler(JMeterThread.java:501) [ApacheJMeter_core.jar:5.6.3]
	at org.apache.jmeter.threads.JMeterThread.run(JMeterThread.java:268) [ApacheJMeter_core.jar:5.6.3]
	at java.base/java.lang.Thread.run(Thread.java:840) [?:?]
Caused by: java.lang.IllegalStateException: LOADTESTLINK must contain both c= and e= parameters, got: https://order.smartone.com/jsp/smartpass/english/customer.jsp?tm=20260911_0859
	at java.base/jdk.internal.reflect.NativeConstructorAccessorImpl.newInstance0(Native Method) ~[?:?]
	at java.base/jdk.internal.reflect.NativeConstructorAccessorImpl.newInstance(NativeConstructorAccessorImpl.java:77) ~[?:?]
	at java.base/jdk.internal.reflect.DelegatingConstructorAccessorImpl.newInstance(DelegatingConstructorAccessorImpl.java:45) ~[?:?]
	at java.base/java.lang.reflect.Constructor.newInstanceWithCaller(Constructor.java:500) ~[?:?]
	at java.base/java.lang.reflect.Constructor.newInstance(Constructor.java:481) ~[?:?]
	at org.codehaus.groovy.reflection.CachedConstructor.invoke(CachedConstructor.java:72) ~[groovy-3.0.20.jar:3.0.20]
	at org.codehaus.groovy.runtime.callsite.ConstructorSite$ConstructorSiteNoUnwrapNoCoerce.callConstructor(ConstructorSite.java:105) ~[groovy-3.0.20.jar:3.0.20]
	at org.codehaus.groovy.runtime.callsite.AbstractCallSite.callConstructor(AbstractCallSite.java:277) ~[groovy-3.0.20.jar:3.0.20]
	at Script1.run(Script1.groovy:12) ~[?:?]
	at org.codehaus.groovy.jsr223.GroovyScriptEngineImpl.eval(GroovyScriptEngineImpl.java:317) ~[groovy-jsr223-3.0.20.jar:3.0.20]
	... 9 more
2026-09-10 03:11:57,937 ERROR o.a.j.m.JSR223PreProcessor: Problem in JSR223 script, Extracting Test Variables
javax.script.ScriptException: java.lang.IllegalStateException: LOADTESTLINK must contain both c= and e= parameters, got: https://order.smartone.com/jsp/smartpass/english/customer.jsp?tm=20260911_0859
	at org.codehaus.groovy.jsr223.GroovyScriptEngineImpl.eval(GroovyScriptEngineImpl.java:320) ~[groovy-jsr223-3.0.20.jar:3.0.20]
	at org.codehaus.groovy.jsr223.GroovyCompiledScript.eval(GroovyCompiledScript.java:71) ~[groovy-jsr223-3.0.20.jar:3.0.20]
	at java.scripting/javax.script.CompiledScript.eval(CompiledScript.java:93) ~[java.scripting:?]
	at org.apache.jmeter.util.JSR223TestElement.processFileOrScript(JSR223TestElement.java:230) ~[ApacheJMeter_core.jar:5.6.3]
	at org.apache.jmeter.modifiers.JSR223PreProcessor.process(JSR223PreProcessor.java:45) [ApacheJMeter_components.jar:5.6.3]
	at org.apache.jmeter.threads.JMeterThread.runPreProcessors(JMeterThread.java:983) [ApacheJMeter_core.jar:5.6.3]
	at org.apache.jmeter.threads.JMeterThread.executeSamplePackage(JMeterThread.java:561) [ApacheJMeter_core.jar:5.6.3]
	at org.apache.jmeter.threads.JMeterThread.processSampler(JMeterThread.java:501) [ApacheJMeter_core.jar:5.6.3]
	at org.apache.jmeter.threads.JMeterThread.run(JMeterThread.java:268) [ApacheJMeter_core.jar:5.6.3]
	at java.base/java.lang.Thread.run(Thread.java:840) [?:?]
Caused by: java.lang.IllegalStateException: LOADTESTLINK must contain both c= and e= parameters, got: https://order.smartone.com/jsp/smartpass/english/customer.jsp?tm=20260911_0859
	at java.base/jdk.internal.reflect.NativeConstructorAccessorImpl.newInstance0(Native Method) ~[?:?]
	at java.base/jdk.internal.reflect.NativeConstructorAccessorImpl.newInstance(NativeConstructorAccessorImpl.java:77) ~[?:?]
	at java.base/jdk.internal.reflect.DelegatingConstructorAccessorImpl.newInstance(DelegatingConstructorAccessorImpl.java:45) ~[?:?]
	at java.base/java.lang.reflect.Constructor.newInstanceWithCaller(Constructor.java:500) ~[?:?]
	at java.base/java.lang.reflect.Constructor.newInstance(Constructor.java:481) ~[?:?]
	at org.codehaus.groovy.reflection.CachedConstructor.invoke(CachedConstructor.java:72) ~[groovy-3.0.20.jar:3.0.20]
	at org.codehaus.groovy.runtime.callsite.ConstructorSite$ConstructorSiteNoUnwrapNoCoerce.callConstructor(ConstructorSite.java:105) ~[groovy-3.0.20.jar:3.0.20]
	at org.codehaus.groovy.runtime.callsite.AbstractCallSite.callConstructor(AbstractCallSite.java:277) ~[groovy-3.0.20.jar:3.0.20]
	at Script1.run(Script1.groovy:12) ~[?:?]
	at org.codehaus.groovy.jsr223.GroovyScriptEngineImpl.eval(GroovyScriptEngineImpl.java:317) ~[groovy-jsr223-3.0.20.jar:3.0.20]
	... 9 more
2026-09-10 03:11:57,938 INFO o.a.j.s.TestAction: Stopping current thread from element Stop Test
2026-09-10 03:11:57,938 INFO o.a.j.t.JMeterThread: Stopping: Normal Flow Group 1-1
2026-09-10 03:11:57,939 INFO o.a.j.t.JMeterThread: Thread finished: Normal Flow Group 1-1
2026-09-10 03:11:58,217 INFO o.a.j.t.JMeterThread: Thread started: Normal Flow Group 1-2
2026-09-10 03:11:58,218 ERROR o.a.j.m.JSR223PreProcessor: Problem in JSR223 script, Extracting Test Variables
javax.script.ScriptException: java.lang.IllegalStateException: LOADTESTLINK must contain both c= and e= parameters, got: https://order.smartone.com/jsp/smartpass/english/customer.jsp?tm=20260911_0859
	at org.codehaus.groovy.jsr223.GroovyScriptEngineImpl.eval(GroovyScriptEngineImpl.java:320) ~[groovy-jsr223-3.0.20.jar:3.0.20]
	at org.codehaus.groovy.jsr223.GroovyCompiledScript.eval(GroovyCompiledScript.java:71) ~[groovy-jsr223-3.0.20.jar:3.0.20]
	at java.scripting/javax.script.CompiledScript.eval(CompiledScript.java:93) ~[java.scripting:?]
	at org.apache.jmeter.util.JSR223TestElement.processFileOrScript(JSR223TestElement.java:230) ~[ApacheJMeter_core.jar:5.6.3]
	at org.apache.jmeter.modifiers.JSR223PreProcessor.process(JSR223PreProcessor.java:45) [ApacheJMeter_components.jar:5.6.3]
	at org.apache.jmeter.threads.JMeterThread.runPreProcessors(JMeterThread.java:983) [ApacheJMeter_core.jar:5.6.3]
	at org.apache.jmeter.threads.JMeterThread.executeSamplePackage(JMeterThread.java:561) [ApacheJMeter_core.jar:5.6.3]
	at org.apache.jmeter.threads.JMeterThread.processSampler(JMeterThread.java:501) [ApacheJMeter_core.jar:5.6.3]
	at org.apache.jmeter.threads.JMeterThread.run(JMeterThread.java:268) [ApacheJMeter_core.jar:5.6.3]
	at java.base/java.lang.Thread.run(Thread.java:840) [?:?]
Caused by: java.lang.IllegalStateException: LOADTESTLINK must contain both c= and e= parameters, got: https://order.smartone.com/jsp/smartpass/english/customer.jsp?tm=20260911_0859
	at java.base/jdk.internal.reflect.NativeConstructorAccessorImpl.newInstance0(Native Method) ~[?:?]
	at java.base/jdk.internal.reflect.NativeConstructorAccessorImpl.newInstance(NativeConstructorAccessorImpl.java:77) ~[?:?]
	at java.base/jdk.internal.reflect.DelegatingConstructorAccessorImpl.newInstance(DelegatingConstructorAccessorImpl.java:45) ~[?:?]
	at java.base/java.lang.reflect.Constructor.newInstanceWithCaller(Constructor.java:500) ~[?:?]
	at java.base/java.lang.reflect.Constructor.newInstance(Constructor.java:481) ~[?:?]
	at org.codehaus.groovy.reflection.CachedConstructor.invoke(CachedConstructor.java:72) ~[groovy-3.0.20.jar:3.0.20]
	at org.codehaus.groovy.runtime.callsite.ConstructorSite$ConstructorSiteNoUnwrapNoCoerce.callConstructor(ConstructorSite.java:105) ~[groovy-3.0.20.jar:3.0.20]
	at org.codehaus.groovy.runtime.callsite.AbstractCallSite.callConstructor(AbstractCallSite.java:277) ~[groovy-3.0.20.jar:3.0.20]
	at Script1.run(Script1.groovy:12) ~[?:?]
	at org.codehaus.groovy.jsr223.GroovyScriptEngineImpl.eval(GroovyScriptEngineImpl.java:317) ~[groovy-jsr223-3.0.20.jar:3.0.20]
	... 9 more
2026-09-10 03:11:58,257 ERROR o.a.j.m.JSR223PreProcessor: Problem in JSR223 script, Extracting Test Variables
javax.script.ScriptException: java.lang.IllegalStateException: LOADTESTLINK must contain both c= and e= parameters, got: https://order.smartone.com/jsp/smartpass/english/customer.jsp?tm=20260911_0859
	at org.codehaus.groovy.jsr223.GroovyScriptEngineImpl.eval(GroovyScriptEngineImpl.java:320) ~[groovy-jsr223-3.0.20.jar:3.0.20]
	at org.codehaus.groovy.jsr223.GroovyCompiledScript.eval(GroovyCompiledScript.java:71) ~[groovy-jsr223-3.0.20.jar:3.0.20]
	at java.scripting/javax.script.CompiledScript.eval(CompiledScript.java:93) ~[java.scripting:?]
	at org.apache.jmeter.util.JSR223TestElement.processFileOrScript(JSR223TestElement.java:230) ~[ApacheJMeter_core.jar:5.6.3]
	at org.apache.jmeter.modifiers.JSR223PreProcessor.process(JSR223PreProcessor.java:45) [ApacheJMeter_components.jar:5.6.3]
	at org.apache.jmeter.threads.JMeterThread.runPreProcessors(JMeterThread.java:983) [ApacheJMeter_core.jar:5.6.3]
	at org.apache.jmeter.threads.JMeterThread.executeSamplePackage(JMeterThread.java:561) [ApacheJMeter_core.jar:5.6.3]
	at org.apache.jmeter.threads.JMeterThread.processSampler(JMeterThread.java:501) [ApacheJMeter_core.jar:5.6.3]
	at org.apache.jmeter.threads.JMeterThread.run(JMeterThread.java:268) [ApacheJMeter_core.jar:5.6.3]
	at java.base/java.lang.Thread.run(Thread.java:840) [?:?]
Caused by: java.lang.IllegalStateException: LOADTESTLINK must contain both c= and e= parameters, got: https://order.smartone.com/jsp/smartpass/english/customer.jsp?tm=20260911_0859
	at java.base/jdk.internal.reflect.NativeConstructorAccessorImpl.newInstance0(Native Method) ~[?:?]
	at java.base/jdk.internal.reflect.NativeConstructorAccessorImpl.newInstance(NativeConstructorAccessorImpl.java:77) ~[?:?]
	at java.base/jdk.internal.reflect.DelegatingConstructorAccessorImpl.newInstance(DelegatingConstructorAccessorImpl.java:45) ~[?:?]
	at java.base/java.lang.reflect.Constructor.newInstanceWithCaller(Constructor.java:500) ~[?:?]
	at java.base/java.lang.reflect.Constructor.newInstance(Constructor.java:481) ~[?:?]
	at org.codehaus.groovy.reflection.CachedConstructor.invoke(CachedConstructor.java:72) ~[groovy-3.0.20.jar:3.0.20]
	at org.codehaus.groovy.runtime.callsite.ConstructorSite$ConstructorSiteNoUnwrapNoCoerce.callConstructor(ConstructorSite.java:105) ~[groovy-3.0.20.jar:3.0.20]
	at org.codehaus.groovy.runtime.callsite.AbstractCallSite.callConstructor(AbstractCallSite.java:277) ~[groovy-3.0.20.jar:3.0.20]
	at Script1.run(Script1.groovy:12) ~[?:?]
	at org.codehaus.groovy.jsr223.GroovyScriptEngineImpl.eval(GroovyScriptEngineImpl.java:317) ~[groovy-jsr223-3.0.20.jar:3.0.20]
	... 9 more
2026-09-10 03:11:58,262 ERROR o.a.j.m.JSR223PreProcessor: Problem in JSR223 script, Extracting Test Variables
javax.script.ScriptException: java.lang.IllegalStateException: LOADTESTLINK must contain both c= and e= parameters, got: https://order.smartone.com/jsp/smartpass/english/customer.jsp?tm=20260911_0859
	at org.codehaus.groovy.jsr223.GroovyScriptEngineImpl.eval(GroovyScriptEngineImpl.java:320) ~[groovy-jsr223-3.0.20.jar:3.0.20]
	at org.codehaus.groovy.jsr223.GroovyCompiledScript.eval(GroovyCompiledScript.java:71) ~[groovy-jsr223-3.0.20.jar:3.0.20]
	at java.scripting/javax.script.CompiledScript.eval(CompiledScript.java:93) ~[java.scripting:?]
	at org.apache.jmeter.util.JSR223TestElement.processFileOrScript(JSR223TestElement.java:230) ~[ApacheJMeter_core.jar:5.6.3]
	at org.apache.jmeter.modifiers.JSR223PreProcessor.process(JSR223PreProcessor.java:45) [ApacheJMeter_components.jar:5.6.3]
	at org.apache.jmeter.threads.JMeterThread.runPreProcessors(JMeterThread.java:983) [ApacheJMeter_core.jar:5.6.3]
	at org.apache.jmeter.threads.JMeterThread.executeSamplePackage(JMeterThread.java:561) [ApacheJMeter_core.jar:5.6.3]
	at org.apache.jmeter.threads.JMeterThread.processSampler(JMeterThread.java:501) [ApacheJMeter_core.jar:5.6.3]
	at org.apache.jmeter.threads.JMeterThread.run(JMeterThread.java:268) [ApacheJMeter_core.jar:5.6.3]
	at java.base/java.lang.Thread.run(Thread.java:840) [?:?]
Caused by: java.lang.IllegalStateException: LOADTESTLINK must contain both c= and e= parameters, got: https://order.smartone.com/jsp/smartpass/english/customer.jsp?tm=20260911_0859
	at java.base/jdk.internal.reflect.NativeConstructorAccessorImpl.newInstance0(Native Method) ~[?:?]
	at java.base/jdk.internal.reflect.NativeConstructorAccessorImpl.newInstance(NativeConstructorAccessorImpl.java:77) ~[?:?]
	at java.base/jdk.internal.reflect.DelegatingConstructorAccessorImpl.newInstance(DelegatingConstructorAccessorImpl.java:45) ~[?:?]
	at java.base/java.lang.reflect.Constructor.newInstanceWithCaller(Constructor.java:500) ~[?:?]
	at java.base/java.lang.reflect.Constructor.newInstance(Constructor.java:481) ~[?:?]
	at org.codehaus.groovy.reflection.CachedConstructor.invoke(CachedConstructor.java:72) ~[groovy-3.0.20.jar:3.0.20]
	at org.codehaus.groovy.runtime.callsite.ConstructorSite$ConstructorSiteNoUnwrapNoCoerce.callConstructor(ConstructorSite.java:105) ~[groovy-3.0.20.jar:3.0.20]
	at org.codehaus.groovy.runtime.callsite.AbstractCallSite.callConstructor(AbstractCallSite.java:277) ~[groovy-3.0.20.jar:3.0.20]
	at Script1.run(Script1.groovy:12) ~[?:?]
	at org.codehaus.groovy.jsr223.GroovyScriptEngineImpl.eval(GroovyScriptEngineImpl.java:317) ~[groovy-jsr223-3.0.20.jar:3.0.20]
	... 9 more
2026-09-10 03:11:58,264 ERROR o.a.j.m.JSR223PreProcessor: Problem in JSR223 script, Extracting Test Variables
javax.script.ScriptException: java.lang.IllegalStateException: LOADTESTLINK must contain both c= and e= parameters, got: https://order.smartone.com/jsp/smartpass/english/customer.jsp?tm=20260911_0859
	at org.codehaus.groovy.jsr223.GroovyScriptEngineImpl.eval(GroovyScriptEngineImpl.java:320) ~[groovy-jsr223-3.0.20.jar:3.0.20]
	at org.codehaus.groovy.jsr223.GroovyCompiledScript.eval(GroovyCompiledScript.java:71) ~[groovy-jsr223-3.0.20.jar:3.0.20]
	at java.scripting/javax.script.CompiledScript.eval(CompiledScript.java:93) ~[java.scripting:?]
	at org.apache.jmeter.util.JSR223TestElement.processFileOrScript(JSR223TestElement.java:230) ~[ApacheJMeter_core.jar:5.6.3]
	at org.apache.jmeter.modifiers.JSR223PreProcessor.process(JSR223PreProcessor.java:45) [ApacheJMeter_components.jar:5.6.3]
	at org.apache.jmeter.threads.JMeterThread.runPreProcessors(JMeterThread.java:983) [ApacheJMeter_core.jar:5.6.3]
	at org.apache.jmeter.threads.JMeterThread.executeSamplePackage(JMeterThread.java:561) [ApacheJMeter_core.jar:5.6.3]
	at org.apache.jmeter.threads.JMeterThread.processSampler(JMeterThread.java:501) [ApacheJMeter_core.jar:5.6.3]
	at org.apache.jmeter.threads.JMeterThread.run(JMeterThread.java:268) [ApacheJMeter_core.jar:5.6.3]
	at java.base/java.lang.Thread.run(Thread.java:840) [?:?]
Caused by: java.lang.IllegalStateException: LOADTESTLINK must contain both c= and e= parameters, got: https://order.smartone.com/jsp/smartpass/english/customer.jsp?tm=20260911_0859
	at java.base/jdk.internal.reflect.NativeConstructorAccessorImpl.newInstance0(Native Method) ~[?:?]
	at java.base/jdk.internal.reflect.NativeConstructorAccessorImpl.newInstance(NativeConstructorAccessorImpl.java:77) ~[?:?]
	at java.base/jdk.internal.reflect.DelegatingConstructorAccessorImpl.newInstance(DelegatingConstructorAccessorImpl.java:45) ~[?:?]
	at java.base/java.lang.reflect.Constructor.newInstanceWithCaller(Constructor.java:500) ~[?:?]
	at java.base/java.lang.reflect.Constructor.newInstance(Constructor.java:481) ~[?:?]
	at org.codehaus.groovy.reflection.CachedConstructor.invoke(CachedConstructor.java:72) ~[groovy-3.0.20.jar:3.0.20]
	at org.codehaus.groovy.runtime.callsite.ConstructorSite$ConstructorSiteNoUnwrapNoCoerce.callConstructor(ConstructorSite.java:105) ~[groovy-3.0.20.jar:3.0.20]
	at org.codehaus.groovy.runtime.callsite.AbstractCallSite.callConstructor(AbstractCallSite.java:277) ~[groovy-3.0.20.jar:3.0.20]
	at Script1.run(Script1.groovy:12) ~[?:?]
	at org.codehaus.groovy.jsr223.GroovyScriptEngineImpl.eval(GroovyScriptEngineImpl.java:317) ~[groovy-jsr223-3.0.20.jar:3.0.20]
	... 9 more
2026-09-10 03:11:58,265 INFO o.a.j.s.TestAction: Stopping current thread from element Stop Test
2026-09-10 03:11:58,265 INFO o.a.j.t.JMeterThread: Stopping: Normal Flow Group 1-2
2026-09-10 03:11:58,265 INFO o.a.j.t.JMeterThread: Thread finished: Normal Flow Group 1-2
2026-09-10 03:11:59,714 INFO o.a.j.t.JMeterThread: Thread started: Normal Flow Group 1-3
2026-09-10 03:11:59,716 ERROR o.a.j.m.JSR223PreProcessor: Problem in JSR223 script, Extracting Test Variables
javax.script.ScriptException: java.lang.IllegalStateException: LOADTESTLINK must contain both c= and e= parameters, got: https://order.smartone.com/jsp/smartpass/english/customer.jsp?tm=20260911_0859
	at org.codehaus.groovy.jsr223.GroovyScriptEngineImpl.eval(GroovyScriptEngineImpl.java:320) ~[groovy-jsr223-3.0.20.jar:3.0.20]
	at org.codehaus.groovy.jsr223.GroovyCompiledScript.eval(GroovyCompiledScript.java:71) ~[groovy-jsr223-3.0.20.jar:3.0.20]
	at java.scripting/javax.script.CompiledScript.eval(CompiledScript.java:93) ~[java.scripting:?]
	at org.apache.jmeter.util.JSR223TestElement.processFileOrScript(JSR223TestElement.java:230) ~[ApacheJMeter_core.jar:5.6.3]
	at org.apache.jmeter.modifiers.JSR223PreProcessor.process(JSR223PreProcessor.java:45) [ApacheJMeter_components.jar:5.6.3]
	at org.apache.jmeter.threads.JMeterThread.runPreProcessors(JMeterThread.java:983) [ApacheJMeter_core.jar:5.6.3]
	at org.apache.jmeter.threads.JMeterThread.executeSamplePackage(JMeterThread.java:561) [ApacheJMeter_core.jar:5.6.3]
	at org.apache.jmeter.threads.JMeterThread.processSampler(JMeterThread.java:501) [ApacheJMeter_core.jar:5.6.3]
	at org.apache.jmeter.threads.JMeterThread.run(JMeterThread.java:268) [ApacheJMeter_core.jar:5.6.3]
	at java.base/java.lang.Thread.run(Thread.java:840) [?:?]
Caused by: java.lang.IllegalStateException: LOADTESTLINK must contain both c= and e= parameters, got: https://order.smartone.com/jsp/smartpass/english/customer.jsp?tm=20260911_0859
	at java.base/jdk.internal.reflect.NativeConstructorAccessorImpl.newInstance0(Native Method) ~[?:?]
	at java.base/jdk.internal.reflect.NativeConstructorAccessorImpl.newInstance(NativeConstructorAccessorImpl.java:77) ~[?:?]
	at java.base/jdk.internal.reflect.DelegatingConstructorAccessorImpl.newInstance(DelegatingConstructorAccessorImpl.java:45) ~[?:?]
	at java.base/java.lang.reflect.Constructor.newInstanceWithCaller(Constructor.java:500) ~[?:?]
	at java.base/java.lang.reflect.Constructor.newInstance(Constructor.java:481) ~[?:?]
	at org.codehaus.groovy.reflection.CachedConstructor.invoke(CachedConstructor.java:72) ~[groovy-3.0.20.jar:3.0.20]
	at org.codehaus.groovy.runtime.callsite.ConstructorSite$ConstructorSiteNoUnwrapNoCoerce.callConstructor(ConstructorSite.java:105) ~[groovy-3.0.20.jar:3.0.20]
	at org.codehaus.groovy.runtime.callsite.AbstractCallSite.callConstructor(AbstractCallSite.java:277) ~[groovy-3.0.20.jar:3.0.20]
	at Script1.run(Script1.groovy:12) ~[?:?]
	at org.codehaus.groovy.jsr223.GroovyScriptEngineImpl.eval(GroovyScriptEngineImpl.java:317) ~[groovy-jsr223-3.0.20.jar:3.0.20]
	... 9 more
2026-09-10 03:11:59,749 ERROR o.a.j.m.JSR223PreProcessor: Problem in JSR223 script, Extracting Test Variables
javax.script.ScriptException: java.lang.IllegalStateException: LOADTESTLINK must contain both c= and e= parameters, got: https://order.smartone.com/jsp/smartpass/english/customer.jsp?tm=20260911_0859
	at org.codehaus.groovy.jsr223.GroovyScriptEngineImpl.eval(GroovyScriptEngineImpl.java:320) ~[groovy-jsr223-3.0.20.jar:3.0.20]
	at org.codehaus.groovy.jsr223.GroovyCompiledScript.eval(GroovyCompiledScript.java:71) ~[groovy-jsr223-3.0.20.jar:3.0.20]
	at java.scripting/javax.script.CompiledScript.eval(CompiledScript.java:93) ~[java.scripting:?]
	at org.apache.jmeter.util.JSR223TestElement.processFileOrScript(JSR223TestElement.java:230) ~[ApacheJMeter_core.jar:5.6.3]
	at org.apache.jmeter.modifiers.JSR223PreProcessor.process(JSR223PreProcessor.java:45) [ApacheJMeter_components.jar:5.6.3]
	at org.apache.jmeter.threads.JMeterThread.runPreProcessors(JMeterThread.java:983) [ApacheJMeter_core.jar:5.6.3]
	at org.apache.jmeter.threads.JMeterThread.executeSamplePackage(JMeterThread.java:561) [ApacheJMeter_core.jar:5.6.3]
	at org.apache.jmeter.threads.JMeterThread.processSampler(JMeterThread.java:501) [ApacheJMeter_core.jar:5.6.3]
	at org.apache.jmeter.threads.JMeterThread.run(JMeterThread.java:268) [ApacheJMeter_core.jar:5.6.3]
	at java.base/java.lang.Thread.run(Thread.java:840) [?:?]
Caused by: java.lang.IllegalStateException: LOADTESTLINK must contain both c= and e= parameters, got: https://order.smartone.com/jsp/smartpass/english/customer.jsp?tm=20260911_0859
	at java.base/jdk.internal.reflect.NativeConstructorAccessorImpl.newInstance0(Native Method) ~[?:?]
	at java.base/jdk.internal.reflect.NativeConstructorAccessorImpl.newInstance(NativeConstructorAccessorImpl.java:77) ~[?:?]
	at java.base/jdk.internal.reflect.DelegatingConstructorAccessorImpl.newInstance(DelegatingConstructorAccessorImpl.java:45) ~[?:?]
	at java.base/java.lang.reflect.Constructor.newInstanceWithCaller(Constructor.java:500) ~[?:?]
	at java.base/java.lang.reflect.Constructor.newInstance(Constructor.java:481) ~[?:?]
	at org.codehaus.groovy.reflection.CachedConstructor.invoke(CachedConstructor.java:72) ~[groovy-3.0.20.jar:3.0.20]
	at org.codehaus.groovy.runtime.callsite.ConstructorSite$ConstructorSiteNoUnwrapNoCoerce.callConstructor(ConstructorSite.java:105) ~[groovy-3.0.20.jar:3.0.20]
	at org.codehaus.groovy.runtime.callsite.AbstractCallSite.callConstructor(AbstractCallSite.java:277) ~[groovy-3.0.20.jar:3.0.20]
	at Script1.run(Script1.groovy:12) ~[?:?]
	at org.codehaus.groovy.jsr223.GroovyScriptEngineImpl.eval(GroovyScriptEngineImpl.java:317) ~[groovy-jsr223-3.0.20.jar:3.0.20]
	... 9 more
2026-09-10 03:11:59,754 ERROR o.a.j.m.JSR223PreProcessor: Problem in JSR223 script, Extracting Test Variables
javax.script.ScriptException: java.lang.IllegalStateException: LOADTESTLINK must contain both c= and e= parameters, got: https://order.smartone.com/jsp/smartpass/english/customer.jsp?tm=20260911_0859
	at org.codehaus.groovy.jsr223.GroovyScriptEngineImpl.eval(GroovyScriptEngineImpl.java:320) ~[groovy-jsr223-3.0.20.jar:3.0.20]
	at org.codehaus.groovy.jsr223.GroovyCompiledScript.eval(GroovyCompiledScript.java:71) ~[groovy-jsr223-3.0.20.jar:3.0.20]
	at java.scripting/javax.script.CompiledScript.eval(CompiledScript.java:93) ~[java.scripting:?]
	at org.apache.jmeter.util.JSR223TestElement.processFileOrScript(JSR223TestElement.java:230) ~[ApacheJMeter_core.jar:5.6.3]
	at org.apache.jmeter.modifiers.JSR223PreProcessor.process(JSR223PreProcessor.java:45) [ApacheJMeter_components.jar:5.6.3]
	at org.apache.jmeter.threads.JMeterThread.runPreProcessors(JMeterThread.java:983) [ApacheJMeter_core.jar:5.6.3]
	at org.apache.jmeter.threads.JMeterThread.executeSamplePackage(JMeterThread.java:561) [ApacheJMeter_core.jar:5.6.3]
	at org.apache.jmeter.threads.JMeterThread.processSampler(JMeterThread.java:501) [ApacheJMeter_core.jar:5.6.3]
	at org.apache.jmeter.threads.JMeterThread.run(JMeterThread.java:268) [ApacheJMeter_core.jar:5.6.3]
	at java.base/java.lang.Thread.run(Thread.java:840) [?:?]
Caused by: java.lang.IllegalStateException: LOADTESTLINK must contain both c= and e= parameters, got: https://order.smartone.com/jsp/smartpass/english/customer.jsp?tm=20260911_0859
	at java.base/jdk.internal.reflect.NativeConstructorAccessorImpl.newInstance0(Native Method) ~[?:?]
	at java.base/jdk.internal.reflect.NativeConstructorAccessorImpl.newInstance(NativeConstructorAccessorImpl.java:77) ~[?:?]
	at java.base/jdk.internal.reflect.DelegatingConstructorAccessorImpl.newInstance(DelegatingConstructorAccessorImpl.java:45) ~[?:?]
	at java.base/java.lang.reflect.Constructor.newInstanceWithCaller(Constructor.java:500) ~[?:?]
	at java.base/java.lang.reflect.Constructor.newInstance(Constructor.java:481) ~[?:?]
	at org.codehaus.groovy.reflection.CachedConstructor.invoke(CachedConstructor.java:72) ~[groovy-3.0.20.jar:3.0.20]
	at org.codehaus.groovy.runtime.callsite.ConstructorSite$ConstructorSiteNoUnwrapNoCoerce.callConstructor(ConstructorSite.java:105) ~[groovy-3.0.20.jar:3.0.20]
	at org.codehaus.groovy.runtime.callsite.AbstractCallSite.callConstructor(AbstractCallSite.java:277) ~[groovy-3.0.20.jar:3.0.20]
	at Script1.run(Script1.groovy:12) ~[?:?]
	at org.codehaus.groovy.jsr223.GroovyScriptEngineImpl.eval(GroovyScriptEngineImpl.java:317) ~[groovy-jsr223-3.0.20.jar:3.0.20]
	... 9 more
2026-09-10 03:11:59,757 ERROR o.a.j.m.JSR223PreProcessor: Problem in JSR223 script, Extracting Test Variables
javax.script.ScriptException: java.lang.IllegalStateException: LOADTESTLINK must contain both c= and e= parameters, got: https://order.smartone.com/jsp/smartpass/english/customer.jsp?tm=20260911_0859
	at org.codehaus.groovy.jsr223.GroovyScriptEngineImpl.eval(GroovyScriptEngineImpl.java:320) ~[groovy-jsr223-3.0.20.jar:3.0.20]
	at org.codehaus.groovy.jsr223.GroovyCompiledScript.eval(GroovyCompiledScript.java:71) ~[groovy-jsr223-3.0.20.jar:3.0.20]
	at java.scripting/javax.script.CompiledScript.eval(CompiledScript.java:93) ~[java.scripting:?]
	at org.apache.jmeter.util.JSR223TestElement.processFileOrScript(JSR223TestElement.java:230) ~[ApacheJMeter_core.jar:5.6.3]
	at org.apache.jmeter.modifiers.JSR223PreProcessor.process(JSR223PreProcessor.java:45) [ApacheJMeter_components.jar:5.6.3]
	at org.apache.jmeter.threads.JMeterThread.runPreProcessors(JMeterThread.java:983) [ApacheJMeter_core.jar:5.6.3]
	at org.apache.jmeter.threads.JMeterThread.executeSamplePackage(JMeterThread.java:561) [ApacheJMeter_core.jar:5.6.3]
	at org.apache.jmeter.threads.JMeterThread.processSampler(JMeterThread.java:501) [ApacheJMeter_core.jar:5.6.3]
	at org.apache.jmeter.threads.JMeterThread.run(JMeterThread.java:268) [ApacheJMeter_core.jar:5.6.3]
	at java.base/java.lang.Thread.run(Thread.java:840) [?:?]
Caused by: java.lang.IllegalStateException: LOADTESTLINK must contain both c= and e= parameters, got: https://order.smartone.com/jsp/smartpass/english/customer.jsp?tm=20260911_0859
	at java.base/jdk.internal.reflect.NativeConstructorAccessorImpl.newInstance0(Native Method) ~[?:?]
	at java.base/jdk.internal.reflect.NativeConstructorAccessorImpl.newInstance(NativeConstructorAccessorImpl.java:77) ~[?:?]
	at java.base/jdk.internal.reflect.DelegatingConstructorAccessorImpl.newInstance(DelegatingConstructorAccessorImpl.java:45) ~[?:?]
	at java.base/java.lang.reflect.Constructor.newInstanceWithCaller(Constructor.java:500) ~[?:?]
	at java.base/java.lang.reflect.Constructor.newInstance(Constructor.java:481) ~[?:?]
	at org.codehaus.groovy.reflection.CachedConstructor.invoke(CachedConstructor.java:72) ~[groovy-3.0.20.jar:3.0.20]
	at org.codehaus.groovy.runtime.callsite.ConstructorSite$ConstructorSiteNoUnwrapNoCoerce.callConstructor(ConstructorSite.java:105) ~[groovy-3.0.20.jar:3.0.20]
	at org.codehaus.groovy.runtime.callsite.AbstractCallSite.callConstructor(AbstractCallSite.java:277) ~[groovy-3.0.20.jar:3.0.20]
	at Script1.run(Script1.groovy:12) ~[?:?]
	at org.codehaus.groovy.jsr223.GroovyScriptEngineImpl.eval(GroovyScriptEngineImpl.java:317) ~[groovy-jsr223-3.0.20.jar:3.0.20]
	... 9 more
2026-09-10 03:11:59,757 INFO o.a.j.s.TestAction: Stopping current thread from element Stop Test
2026-09-10 03:11:59,757 INFO o.a.j.t.JMeterThread: Stopping: Normal Flow Group 1-3
2026-09-10 03:11:59,757 INFO o.a.j.t.JMeterThread: Thread finished: Normal Flow Group 1-3
2026-09-10 03:12:01,213 INFO o.a.j.t.JMeterThread: Thread started: Normal Flow Group 1-4
2026-09-10 03:12:01,215 ERROR o.a.j.m.JSR223PreProcessor: Problem in JSR223 script, Extracting Test Variables
javax.script.ScriptException: java.lang.IllegalStateException: LOADTESTLINK must contain both c= and e= parameters, got: https://order.smartone.com/jsp/smartpass/english/customer.jsp?tm=20260911_0859
	at org.codehaus.groovy.jsr223.GroovyScriptEngineImpl.eval(GroovyScriptEngineImpl.java:320) ~[groovy-jsr223-3.0.20.jar:3.0.20]
	at org.codehaus.groovy.jsr223.GroovyCompiledScript.eval(GroovyCompiledScript.java:71) ~[groovy-jsr223-3.0.20.jar:3.0.20]
	at java.scripting/javax.script.CompiledScript.eval(CompiledScript.java:93) ~[java.scripting:?]
	at org.apache.jmeter.util.JSR223TestElement.processFileOrScript(JSR223TestElement.java:230) ~[ApacheJMeter_core.jar:5.6.3]
	at org.apache.jmeter.modifiers.JSR223PreProcessor.process(JSR223PreProcessor.java:45) [ApacheJMeter_components.jar:5.6.3]
	at org.apache.jmeter.threads.JMeterThread.runPreProcessors(JMeterThread.java:983) [ApacheJMeter_core.jar:5.6.3]
	at org.apache.jmeter.threads.JMeterThread.executeSamplePackage(JMeterThread.java:561) [ApacheJMeter_core.jar:5.6.3]
	at org.apache.jmeter.threads.JMeterThread.processSampler(JMeterThread.java:501) [ApacheJMeter_core.jar:5.6.3]
	at org.apache.jmeter.threads.JMeterThread.run(JMeterThread.java:268) [ApacheJMeter_core.jar:5.6.3]
	at java.base/java.lang.Thread.run(Thread.java:840) [?:?]
Caused by: java.lang.IllegalStateException: LOADTESTLINK must contain both c= and e= parameters, got: https://order.smartone.com/jsp/smartpass/english/customer.jsp?tm=20260911_0859
	at java.base/jdk.internal.reflect.NativeConstructorAccessorImpl.newInstance0(Native Method) ~[?:?]
	at java.base/jdk.internal.reflect.NativeConstructorAccessorImpl.newInstance(NativeConstructorAccessorImpl.java:77) ~[?:?]
	at java.base/jdk.internal.reflect.DelegatingConstructorAccessorImpl.newInstance(DelegatingConstructorAccessorImpl.java:45) ~[?:?]
	at java.base/java.lang.reflect.Constructor.newInstanceWithCaller(Constructor.java:500) ~[?:?]
	at java.base/java.lang.reflect.Constructor.newInstance(Constructor.java:481) ~[?:?]
	at org.codehaus.groovy.reflection.CachedConstructor.invoke(CachedConstructor.java:72) ~[groovy-3.0.20.jar:3.0.20]
	at org.codehaus.groovy.runtime.callsite.ConstructorSite$ConstructorSiteNoUnwrapNoCoerce.callConstructor(ConstructorSite.java:105) ~[groovy-3.0.20.jar:3.0.20]
	at org.codehaus.groovy.runtime.callsite.AbstractCallSite.callConstructor(AbstractCallSite.java:277) ~[groovy-3.0.20.jar:3.0.20]
	at Script1.run(Script1.groovy:12) ~[?:?]
	at org.codehaus.groovy.jsr223.GroovyScriptEngineImpl.eval(GroovyScriptEngineImpl.java:317) ~[groovy-jsr223-3.0.20.jar:3.0.20]
	... 9 more
2026-09-10 03:12:01,242 INFO o.a.j.r.Summariser: summary +     10 in 00:00:05 =    2.2/s Avg:    47 Min:     0 Max:   384 Err:     7 (70.00%) Active: 1 Started: 4 Finished: 3
2026-09-10 03:12:01,243 ERROR o.a.j.m.JSR223PreProcessor: Problem in JSR223 script, Extracting Test Variables
javax.script.ScriptException: java.lang.IllegalStateException: LOADTESTLINK must contain both c= and e= parameters, got: https://order.smartone.com/jsp/smartpass/english/customer.jsp?tm=20260911_0859
	at org.codehaus.groovy.jsr223.GroovyScriptEngineImpl.eval(GroovyScriptEngineImpl.java:320) ~[groovy-jsr223-3.0.20.jar:3.0.20]
	at org.codehaus.groovy.jsr223.GroovyCompiledScript.eval(GroovyCompiledScript.java:71) ~[groovy-jsr223-3.0.20.jar:3.0.20]
	at java.scripting/javax.script.CompiledScript.eval(CompiledScript.java:93) ~[java.scripting:?]
	at org.apache.jmeter.util.JSR223TestElement.processFileOrScript(JSR223TestElement.java:230) ~[ApacheJMeter_core.jar:5.6.3]
	at org.apache.jmeter.modifiers.JSR223PreProcessor.process(JSR223PreProcessor.java:45) [ApacheJMeter_components.jar:5.6.3]
	at org.apache.jmeter.threads.JMeterThread.runPreProcessors(JMeterThread.java:983) [ApacheJMeter_core.jar:5.6.3]
	at org.apache.jmeter.threads.JMeterThread.executeSamplePackage(JMeterThread.java:561) [ApacheJMeter_core.jar:5.6.3]
	at org.apache.jmeter.threads.JMeterThread.processSampler(JMeterThread.java:501) [ApacheJMeter_core.jar:5.6.3]
	at org.apache.jmeter.threads.JMeterThread.run(JMeterThread.java:268) [ApacheJMeter_core.jar:5.6.3]
	at java.base/java.lang.Thread.run(Thread.java:840) [?:?]
Caused by: java.lang.IllegalStateException: LOADTESTLINK must contain both c= and e= parameters, got: https://order.smartone.com/jsp/smartpass/english/customer.jsp?tm=20260911_0859
	at java.base/jdk.internal.reflect.NativeConstructorAccessorImpl.newInstance0(Native Method) ~[?:?]
	at java.base/jdk.internal.reflect.NativeConstructorAccessorImpl.newInstance(NativeConstructorAccessorImpl.java:77) ~[?:?]
	at java.base/jdk.internal.reflect.DelegatingConstructorAccessorImpl.newInstance(DelegatingConstructorAccessorImpl.java:45) ~[?:?]
	at java.base/java.lang.reflect.Constructor.newInstanceWithCaller(Constructor.java:500) ~[?:?]
	at java.base/java.lang.reflect.Constructor.newInstance(Constructor.java:481) ~[?:?]
	at org.codehaus.groovy.reflection.CachedConstructor.invoke(CachedConstructor.java:72) ~[groovy-3.0.20.jar:3.0.20]
	at org.codehaus.groovy.runtime.callsite.ConstructorSite$ConstructorSiteNoUnwrapNoCoerce.callConstructor(ConstructorSite.java:105) ~[groovy-3.0.20.jar:3.0.20]
	at org.codehaus.groovy.runtime.callsite.AbstractCallSite.callConstructor(AbstractCallSite.java:277) ~[groovy-3.0.20.jar:3.0.20]
	at Script1.run(Script1.groovy:12) ~[?:?]
	at org.codehaus.groovy.jsr223.GroovyScriptEngineImpl.eval(GroovyScriptEngineImpl.java:317) ~[groovy-jsr223-3.0.20.jar:3.0.20]
	... 9 more
2026-09-10 03:12:01,250 ERROR o.a.j.m.JSR223PreProcessor: Problem in JSR223 script, Extracting Test Variables
javax.script.ScriptException: java.lang.IllegalStateException: LOADTESTLINK must contain both c= and e= parameters, got: https://order.smartone.com/jsp/smartpass/english/customer.jsp?tm=20260911_0859
	at org.codehaus.groovy.jsr223.GroovyScriptEngineImpl.eval(GroovyScriptEngineImpl.java:320) ~[groovy-jsr223-3.0.20.jar:3.0.20]
	at org.codehaus.groovy.jsr223.GroovyCompiledScript.eval(GroovyCompiledScript.java:71) ~[groovy-jsr223-3.0.20.jar:3.0.20]
	at java.scripting/javax.script.CompiledScript.eval(CompiledScript.java:93) ~[java.scripting:?]
	at org.apache.jmeter.util.JSR223TestElement.processFileOrScript(JSR223TestElement.java:230) ~[ApacheJMeter_core.jar:5.6.3]
	at org.apache.jmeter.modifiers.JSR223PreProcessor.process(JSR223PreProcessor.java:45) [ApacheJMeter_components.jar:5.6.3]
	at org.apache.jmeter.threads.JMeterThread.runPreProcessors(JMeterThread.java:983) [ApacheJMeter_core.jar:5.6.3]
	at org.apache.jmeter.threads.JMeterThread.executeSamplePackage(JMeterThread.java:561) [ApacheJMeter_core.jar:5.6.3]
	at org.apache.jmeter.threads.JMeterThread.processSampler(JMeterThread.java:501) [ApacheJMeter_core.jar:5.6.3]
	at org.apache.jmeter.threads.JMeterThread.run(JMeterThread.java:268) [ApacheJMeter_core.jar:5.6.3]
	at java.base/java.lang.Thread.run(Thread.java:840) [?:?]
Caused by: java.lang.IllegalStateException: LOADTESTLINK must contain both c= and e= parameters, got: https://order.smartone.com/jsp/smartpass/english/customer.jsp?tm=20260911_0859
	at java.base/jdk.internal.reflect.NativeConstructorAccessorImpl.newInstance0(Native Method) ~[?:?]
	at java.base/jdk.internal.reflect.NativeConstructorAccessorImpl.newInstance(NativeConstructorAccessorImpl.java:77) ~[?:?]
	at java.base/jdk.internal.reflect.DelegatingConstructorAccessorImpl.newInstance(DelegatingConstructorAccessorImpl.java:45) ~[?:?]
	at java.base/java.lang.reflect.Constructor.newInstanceWithCaller(Constructor.java:500) ~[?:?]
	at java.base/java.lang.reflect.Constructor.newInstance(Constructor.java:481) ~[?:?]
	at org.codehaus.groovy.reflection.CachedConstructor.invoke(CachedConstructor.java:72) ~[groovy-3.0.20.jar:3.0.20]
	at org.codehaus.groovy.runtime.callsite.ConstructorSite$ConstructorSiteNoUnwrapNoCoerce.callConstructor(ConstructorSite.java:105) ~[groovy-3.0.20.jar:3.0.20]
	at org.codehaus.groovy.runtime.callsite.AbstractCallSite.callConstructor(AbstractCallSite.java:277) ~[groovy-3.0.20.jar:3.0.20]
	at Script1.run(Script1.groovy:12) ~[?:?]
	at org.codehaus.groovy.jsr223.GroovyScriptEngineImpl.eval(GroovyScriptEngineImpl.java:317) ~[groovy-jsr223-3.0.20.jar:3.0.20]
	... 9 more
2026-09-10 03:12:01,253 ERROR o.a.j.m.JSR223PreProcessor: Problem in JSR223 script, Extracting Test Variables
javax.script.ScriptException: java.lang.IllegalStateException: LOADTESTLINK must contain both c= and e= parameters, got: https://order.smartone.com/jsp/smartpass/english/customer.jsp?tm=20260911_0859
	at org.codehaus.groovy.jsr223.GroovyScriptEngineImpl.eval(GroovyScriptEngineImpl.java:320) ~[groovy-jsr223-3.0.20.jar:3.0.20]
	at org.codehaus.groovy.jsr223.GroovyCompiledScript.eval(GroovyCompiledScript.java:71) ~[groovy-jsr223-3.0.20.jar:3.0.20]
	at java.scripting/javax.script.CompiledScript.eval(CompiledScript.java:93) ~[java.scripting:?]
	at org.apache.jmeter.util.JSR223TestElement.processFileOrScript(JSR223TestElement.java:230) ~[ApacheJMeter_core.jar:5.6.3]
	at org.apache.jmeter.modifiers.JSR223PreProcessor.process(JSR223PreProcessor.java:45) [ApacheJMeter_components.jar:5.6.3]
	at org.apache.jmeter.threads.JMeterThread.runPreProcessors(JMeterThread.java:983) [ApacheJMeter_core.jar:5.6.3]
	at org.apache.jmeter.threads.JMeterThread.executeSamplePackage(JMeterThread.java:561) [ApacheJMeter_core.jar:5.6.3]
	at org.apache.jmeter.threads.JMeterThread.processSampler(JMeterThread.java:501) [ApacheJMeter_core.jar:5.6.3]
	at org.apache.jmeter.threads.JMeterThread.run(JMeterThread.java:268) [ApacheJMeter_core.jar:5.6.3]
	at java.base/java.lang.Thread.run(Thread.java:840) [?:?]
Caused by: java.lang.IllegalStateException: LOADTESTLINK must contain both c= and e= parameters, got: https://order.smartone.com/jsp/smartpass/english/customer.jsp?tm=20260911_0859
	at java.base/jdk.internal.reflect.NativeConstructorAccessorImpl.newInstance0(Native Method) ~[?:?]
	at java.base/jdk.internal.reflect.NativeConstructorAccessorImpl.newInstance(NativeConstructorAccessorImpl.java:77) ~[?:?]
	at java.base/jdk.internal.reflect.DelegatingConstructorAccessorImpl.newInstance(DelegatingConstructorAccessorImpl.java:45) ~[?:?]
	at java.base/java.lang.reflect.Constructor.newInstanceWithCaller(Constructor.java:500) ~[?:?]
	at java.base/java.lang.reflect.Constructor.newInstance(Constructor.java:481) ~[?:?]
	at org.codehaus.groovy.reflection.CachedConstructor.invoke(CachedConstructor.java:72) ~[groovy-3.0.20.jar:3.0.20]
	at org.codehaus.groovy.runtime.callsite.ConstructorSite$ConstructorSiteNoUnwrapNoCoerce.callConstructor(ConstructorSite.java:105) ~[groovy-3.0.20.jar:3.0.20]
	at org.codehaus.groovy.runtime.callsite.AbstractCallSite.callConstructor(AbstractCallSite.java:277) ~[groovy-3.0.20.jar:3.0.20]
	at Script1.run(Script1.groovy:12) ~[?:?]
	at org.codehaus.groovy.jsr223.GroovyScriptEngineImpl.eval(GroovyScriptEngineImpl.java:317) ~[groovy-jsr223-3.0.20.jar:3.0.20]
	... 9 more
2026-09-10 03:12:01,254 INFO o.a.j.s.TestAction: Stopping current thread from element Stop Test
2026-09-10 03:12:01,254 INFO o.a.j.t.JMeterThread: Stopping: Normal Flow Group 1-4
2026-09-10 03:12:01,254 INFO o.a.j.t.JMeterThread: Thread finished: Normal Flow Group 1-4
2026-09-10 03:12:02,714 INFO o.a.j.t.JMeterThread: Thread started: Normal Flow Group 1-5
2026-09-10 03:12:02,716 ERROR o.a.j.m.JSR223PreProcessor: Problem in JSR223 script, Extracting Test Variables
javax.script.ScriptException: java.lang.IllegalStateException: LOADTESTLINK must contain both c= and e= parameters, got: https://order.smartone.com/jsp/smartpass/english/customer.jsp?tm=20260911_0859
	at org.codehaus.groovy.jsr223.GroovyScriptEngineImpl.eval(GroovyScriptEngineImpl.java:320) ~[groovy-jsr223-3.0.20.jar:3.0.20]
	at org.codehaus.groovy.jsr223.GroovyCompiledScript.eval(GroovyCompiledScript.java:71) ~[groovy-jsr223-3.0.20.jar:3.0.20]
	at java.scripting/javax.script.CompiledScript.eval(CompiledScript.java:93) ~[java.scripting:?]
	at org.apache.jmeter.util.JSR223TestElement.processFileOrScript(JSR223TestElement.java:230) ~[ApacheJMeter_core.jar:5.6.3]
	at org.apache.jmeter.modifiers.JSR223PreProcessor.process(JSR223PreProcessor.java:45) [ApacheJMeter_components.jar:5.6.3]
	at org.apache.jmeter.threads.JMeterThread.runPreProcessors(JMeterThread.java:983) [ApacheJMeter_core.jar:5.6.3]
	at org.apache.jmeter.threads.JMeterThread.executeSamplePackage(JMeterThread.java:561) [ApacheJMeter_core.jar:5.6.3]
	at org.apache.jmeter.threads.JMeterThread.processSampler(JMeterThread.java:501) [ApacheJMeter_core.jar:5.6.3]
	at org.apache.jmeter.threads.JMeterThread.run(JMeterThread.java:268) [ApacheJMeter_core.jar:5.6.3]
	at java.base/java.lang.Thread.run(Thread.java:840) [?:?]
Caused by: java.lang.IllegalStateException: LOADTESTLINK must contain both c= and e= parameters, got: https://order.smartone.com/jsp/smartpass/english/customer.jsp?tm=20260911_0859
	at java.base/jdk.internal.reflect.GeneratedConstructorAccessor47.newInstance(Unknown Source) ~[?:?]
	at java.base/jdk.internal.reflect.DelegatingConstructorAccessorImpl.newInstance(DelegatingConstructorAccessorImpl.java:45) ~[?:?]
	at java.base/java.lang.reflect.Constructor.newInstanceWithCaller(Constructor.java:500) ~[?:?]
	at java.base/java.lang.reflect.Constructor.newInstance(Constructor.java:481) ~[?:?]
	at org.codehaus.groovy.reflection.CachedConstructor.invoke(CachedConstructor.java:72) ~[groovy-3.0.20.jar:3.0.20]
	at org.codehaus.groovy.runtime.callsite.ConstructorSite$ConstructorSiteNoUnwrapNoCoerce.callConstructor(ConstructorSite.java:105) ~[groovy-3.0.20.jar:3.0.20]
	at org.codehaus.groovy.runtime.callsite.AbstractCallSite.callConstructor(AbstractCallSite.java:277) ~[groovy-3.0.20.jar:3.0.20]
	at Script1.run(Script1.groovy:12) ~[?:?]
	at org.codehaus.groovy.jsr223.GroovyScriptEngineImpl.eval(GroovyScriptEngineImpl.java:317) ~[groovy-jsr223-3.0.20.jar:3.0.20]
	... 9 more
2026-09-10 03:12:02,745 ERROR o.a.j.m.JSR223PreProcessor: Problem in JSR223 script, Extracting Test Variables
javax.script.ScriptException: java.lang.IllegalStateException: LOADTESTLINK must contain both c= and e= parameters, got: https://order.smartone.com/jsp/smartpass/english/customer.jsp?tm=20260911_0859
	at org.codehaus.groovy.jsr223.GroovyScriptEngineImpl.eval(GroovyScriptEngineImpl.java:320) ~[groovy-jsr223-3.0.20.jar:3.0.20]
	at org.codehaus.groovy.jsr223.GroovyCompiledScript.eval(GroovyCompiledScript.java:71) ~[groovy-jsr223-3.0.20.jar:3.0.20]
	at java.scripting/javax.script.CompiledScript.eval(CompiledScript.java:93) ~[java.scripting:?]
	at org.apache.jmeter.util.JSR223TestElement.processFileOrScript(JSR223TestElement.java:230) ~[ApacheJMeter_core.jar:5.6.3]
	at org.apache.jmeter.modifiers.JSR223PreProcessor.process(JSR223PreProcessor.java:45) [ApacheJMeter_components.jar:5.6.3]
	at org.apache.jmeter.threads.JMeterThread.runPreProcessors(JMeterThread.java:983) [ApacheJMeter_core.jar:5.6.3]
	at org.apache.jmeter.threads.JMeterThread.executeSamplePackage(JMeterThread.java:561) [ApacheJMeter_core.jar:5.6.3]
	at org.apache.jmeter.threads.JMeterThread.processSampler(JMeterThread.java:501) [ApacheJMeter_core.jar:5.6.3]
	at org.apache.jmeter.threads.JMeterThread.run(JMeterThread.java:268) [ApacheJMeter_core.jar:5.6.3]
	at java.base/java.lang.Thread.run(Thread.java:840) [?:?]
Caused by: java.lang.IllegalStateException: LOADTESTLINK must contain both c= and e= parameters, got: https://order.smartone.com/jsp/smartpass/english/customer.jsp?tm=20260911_0859
	at java.base/jdk.internal.reflect.GeneratedConstructorAccessor47.newInstance(Unknown Source) ~[?:?]
	at java.base/jdk.internal.reflect.DelegatingConstructorAccessorImpl.newInstance(DelegatingConstructorAccessorImpl.java:45) ~[?:?]
	at java.base/java.lang.reflect.Constructor.newInstanceWithCaller(Constructor.java:500) ~[?:?]
	at java.base/java.lang.reflect.Constructor.newInstance(Constructor.java:481) ~[?:?]
	at org.codehaus.groovy.reflection.CachedConstructor.invoke(CachedConstructor.java:72) ~[groovy-3.0.20.jar:3.0.20]
	at org.codehaus.groovy.runtime.callsite.ConstructorSite$ConstructorSiteNoUnwrapNoCoerce.callConstructor(ConstructorSite.java:105) ~[groovy-3.0.20.jar:3.0.20]
	at org.codehaus.groovy.runtime.callsite.AbstractCallSite.callConstructor(AbstractCallSite.java:277) ~[groovy-3.0.20.jar:3.0.20]
	at Script1.run(Script1.groovy:12) ~[?:?]
	at org.codehaus.groovy.jsr223.GroovyScriptEngineImpl.eval(GroovyScriptEngineImpl.java:317) ~[groovy-jsr223-3.0.20.jar:3.0.20]
	... 9 more
2026-09-10 03:12:02,750 ERROR o.a.j.m.JSR223PreProcessor: Problem in JSR223 script, Extracting Test Variables
javax.script.ScriptException: java.lang.IllegalStateException: LOADTESTLINK must contain both c= and e= parameters, got: https://order.smartone.com/jsp/smartpass/english/customer.jsp?tm=20260911_0859
	at org.codehaus.groovy.jsr223.GroovyScriptEngineImpl.eval(GroovyScriptEngineImpl.java:320) ~[groovy-jsr223-3.0.20.jar:3.0.20]
	at org.codehaus.groovy.jsr223.GroovyCompiledScript.eval(GroovyCompiledScript.java:71) ~[groovy-jsr223-3.0.20.jar:3.0.20]
	at java.scripting/javax.script.CompiledScript.eval(CompiledScript.java:93) ~[java.scripting:?]
	at org.apache.jmeter.util.JSR223TestElement.processFileOrScript(JSR223TestElement.java:230) ~[ApacheJMeter_core.jar:5.6.3]
	at org.apache.jmeter.modifiers.JSR223PreProcessor.process(JSR223PreProcessor.java:45) [ApacheJMeter_components.jar:5.6.3]
	at org.apache.jmeter.threads.JMeterThread.runPreProcessors(JMeterThread.java:983) [ApacheJMeter_core.jar:5.6.3]
	at org.apache.jmeter.threads.JMeterThread.executeSamplePackage(JMeterThread.java:561) [ApacheJMeter_core.jar:5.6.3]
	at org.apache.jmeter.threads.JMeterThread.processSampler(JMeterThread.java:501) [ApacheJMeter_core.jar:5.6.3]
	at org.apache.jmeter.threads.JMeterThread.run(JMeterThread.java:268) [ApacheJMeter_core.jar:5.6.3]
	at java.base/java.lang.Thread.run(Thread.java:840) [?:?]
Caused by: java.lang.IllegalStateException: LOADTESTLINK must contain both c= and e= parameters, got: https://order.smartone.com/jsp/smartpass/english/customer.jsp?tm=20260911_0859
	at java.base/jdk.internal.reflect.GeneratedConstructorAccessor47.newInstance(Unknown Source) ~[?:?]
	at java.base/jdk.internal.reflect.DelegatingConstructorAccessorImpl.newInstance(DelegatingConstructorAccessorImpl.java:45) ~[?:?]
	at java.base/java.lang.reflect.Constructor.newInstanceWithCaller(Constructor.java:500) ~[?:?]
	at java.base/java.lang.reflect.Constructor.newInstance(Constructor.java:481) ~[?:?]
	at org.codehaus.groovy.reflection.CachedConstructor.invoke(CachedConstructor.java:72) ~[groovy-3.0.20.jar:3.0.20]
	at org.codehaus.groovy.runtime.callsite.ConstructorSite$ConstructorSiteNoUnwrapNoCoerce.callConstructor(ConstructorSite.java:105) ~[groovy-3.0.20.jar:3.0.20]
	at org.codehaus.groovy.runtime.callsite.AbstractCallSite.callConstructor(AbstractCallSite.java:277) ~[groovy-3.0.20.jar:3.0.20]
	at Script1.run(Script1.groovy:12) ~[?:?]
	at org.codehaus.groovy.jsr223.GroovyScriptEngineImpl.eval(GroovyScriptEngineImpl.java:317) ~[groovy-jsr223-3.0.20.jar:3.0.20]
	... 9 more
2026-09-10 03:12:02,752 ERROR o.a.j.m.JSR223PreProcessor: Problem in JSR223 script, Extracting Test Variables
javax.script.ScriptException: java.lang.IllegalStateException: LOADTESTLINK must contain both c= and e= parameters, got: https://order.smartone.com/jsp/smartpass/english/customer.jsp?tm=20260911_0859
	at org.codehaus.groovy.jsr223.GroovyScriptEngineImpl.eval(GroovyScriptEngineImpl.java:320) ~[groovy-jsr223-3.0.20.jar:3.0.20]
	at org.codehaus.groovy.jsr223.GroovyCompiledScript.eval(GroovyCompiledScript.java:71) ~[groovy-jsr223-3.0.20.jar:3.0.20]
	at java.scripting/javax.script.CompiledScript.eval(CompiledScript.java:93) ~[java.scripting:?]
	at org.apache.jmeter.util.JSR223TestElement.processFileOrScript(JSR223TestElement.java:230) ~[ApacheJMeter_core.jar:5.6.3]
	at org.apache.jmeter.modifiers.JSR223PreProcessor.process(JSR223PreProcessor.java:45) [ApacheJMeter_components.jar:5.6.3]
	at org.apache.jmeter.threads.JMeterThread.runPreProcessors(JMeterThread.java:983) [ApacheJMeter_core.jar:5.6.3]
	at org.apache.jmeter.threads.JMeterThread.executeSamplePackage(JMeterThread.java:561) [ApacheJMeter_core.jar:5.6.3]
	at org.apache.jmeter.threads.JMeterThread.processSampler(JMeterThread.java:501) [ApacheJMeter_core.jar:5.6.3]
	at org.apache.jmeter.threads.JMeterThread.run(JMeterThread.java:268) [ApacheJMeter_core.jar:5.6.3]
	at java.base/java.lang.Thread.run(Thread.java:840) [?:?]
Caused by: java.lang.IllegalStateException: LOADTESTLINK must contain both c= and e= parameters, got: https://order.smartone.com/jsp/smartpass/english/customer.jsp?tm=20260911_0859
	at java.base/jdk.internal.reflect.GeneratedConstructorAccessor47.newInstance(Unknown Source) ~[?:?]
	at java.base/jdk.internal.reflect.DelegatingConstructorAccessorImpl.newInstance(DelegatingConstructorAccessorImpl.java:45) ~[?:?]
	at java.base/java.lang.reflect.Constructor.newInstanceWithCaller(Constructor.java:500) ~[?:?]
	at java.base/java.lang.reflect.Constructor.newInstance(Constructor.java:481) ~[?:?]
	at org.codehaus.groovy.reflection.CachedConstructor.invoke(CachedConstructor.java:72) ~[groovy-3.0.20.jar:3.0.20]
	at org.codehaus.groovy.runtime.callsite.ConstructorSite$ConstructorSiteNoUnwrapNoCoerce.callConstructor(ConstructorSite.java:105) ~[groovy-3.0.20.jar:3.0.20]
	at org.codehaus.groovy.runtime.callsite.AbstractCallSite.callConstructor(AbstractCallSite.java:277) ~[groovy-3.0.20.jar:3.0.20]
	at Script1.run(Script1.groovy:12) ~[?:?]
	at org.codehaus.groovy.jsr223.GroovyScriptEngineImpl.eval(GroovyScriptEngineImpl.java:317) ~[groovy-jsr223-3.0.20.jar:3.0.20]
	... 9 more
2026-09-10 03:12:02,753 INFO o.a.j.s.TestAction: Stopping current thread from element Stop Test
2026-09-10 03:12:02,753 INFO o.a.j.t.JMeterThread: Stopping: Normal Flow Group 1-5
2026-09-10 03:12:02,754 INFO o.a.j.t.JMeterThread: Thread finished: Normal Flow Group 1-5
2026-09-10 03:12:04,217 INFO o.a.j.t.JMeterThread: Thread started: Normal Flow Group 1-6
2026-09-10 03:12:04,218 ERROR o.a.j.m.JSR223PreProcessor: Problem in JSR223 script, Extracting Test Variables
javax.script.ScriptException: java.lang.IllegalStateException: LOADTESTLINK must contain both c= and e= parameters, got: https://order.smartone.com/jsp/smartpass/english/customer.jsp?tm=20260911_0859
	at org.codehaus.groovy.jsr223.GroovyScriptEngineImpl.eval(GroovyScriptEngineImpl.java:320) ~[groovy-jsr223-3.0.20.jar:3.0.20]
	at org.codehaus.groovy.jsr223.GroovyCompiledScript.eval(GroovyCompiledScript.java:71) ~[groovy-jsr223-3.0.20.jar:3.0.20]
	at java.scripting/javax.script.CompiledScript.eval(CompiledScript.java:93) ~[java.scripting:?]
	at org.apache.jmeter.util.JSR223TestElement.processFileOrScript(JSR223TestElement.java:230) ~[ApacheJMeter_core.jar:5.6.3]
	at org.apache.jmeter.modifiers.JSR223PreProcessor.process(JSR223PreProcessor.java:45) [ApacheJMeter_components.jar:5.6.3]
	at org.apache.jmeter.threads.JMeterThread.runPreProcessors(JMeterThread.java:983) [ApacheJMeter_core.jar:5.6.3]
	at org.apache.jmeter.threads.JMeterThread.executeSamplePackage(JMeterThread.java:561) [ApacheJMeter_core.jar:5.6.3]
	at org.apache.jmeter.threads.JMeterThread.processSampler(JMeterThread.java:501) [ApacheJMeter_core.jar:5.6.3]
	at org.apache.jmeter.threads.JMeterThread.run(JMeterThread.java:268) [ApacheJMeter_core.jar:5.6.3]
	at java.base/java.lang.Thread.run(Thread.java:840) [?:?]
Caused by: java.lang.IllegalStateException: LOADTESTLINK must contain both c= and e= parameters, got: https://order.smartone.com/jsp/smartpass/english/customer.jsp?tm=20260911_0859
	at java.base/jdk.internal.reflect.GeneratedConstructorAccessor47.newInstance(Unknown Source) ~[?:?]
	at java.base/jdk.internal.reflect.DelegatingConstructorAccessorImpl.newInstance(DelegatingConstructorAccessorImpl.java:45) ~[?:?]
	at java.base/java.lang.reflect.Constructor.newInstanceWithCaller(Constructor.java:500) ~[?:?]
	at java.base/java.lang.reflect.Constructor.newInstance(Constructor.java:481) ~[?:?]
	at org.codehaus.groovy.reflection.CachedConstructor.invoke(CachedConstructor.java:72) ~[groovy-3.0.20.jar:3.0.20]
	at org.codehaus.groovy.runtime.callsite.ConstructorSite$ConstructorSiteNoUnwrapNoCoerce.callConstructor(ConstructorSite.java:105) ~[groovy-3.0.20.jar:3.0.20]
	at org.codehaus.groovy.runtime.callsite.AbstractCallSite.callConstructor(AbstractCallSite.java:277) ~[groovy-3.0.20.jar:3.0.20]
	at Script1.run(Script1.groovy:12) ~[?:?]
	at org.codehaus.groovy.jsr223.GroovyScriptEngineImpl.eval(GroovyScriptEngineImpl.java:317) ~[groovy-jsr223-3.0.20.jar:3.0.20]
	... 9 more
2026-09-10 03:12:04,249 ERROR o.a.j.m.JSR223PreProcessor: Problem in JSR223 script, Extracting Test Variables
javax.script.ScriptException: java.lang.IllegalStateException: LOADTESTLINK must contain both c= and e= parameters, got: https://order.smartone.com/jsp/smartpass/english/customer.jsp?tm=20260911_0859
	at org.codehaus.groovy.jsr223.GroovyScriptEngineImpl.eval(GroovyScriptEngineImpl.java:320) ~[groovy-jsr223-3.0.20.jar:3.0.20]
	at org.codehaus.groovy.jsr223.GroovyCompiledScript.eval(GroovyCompiledScript.java:71) ~[groovy-jsr223-3.0.20.jar:3.0.20]
	at java.scripting/javax.script.CompiledScript.eval(CompiledScript.java:93) ~[java.scripting:?]
	at org.apache.jmeter.util.JSR223TestElement.processFileOrScript(JSR223TestElement.java:230) ~[ApacheJMeter_core.jar:5.6.3]
	at org.apache.jmeter.modifiers.JSR223PreProcessor.process(JSR223PreProcessor.java:45) [ApacheJMeter_components.jar:5.6.3]
	at org.apache.jmeter.threads.JMeterThread.runPreProcessors(JMeterThread.java:983) [ApacheJMeter_core.jar:5.6.3]
	at org.apache.jmeter.threads.JMeterThread.executeSamplePackage(JMeterThread.java:561) [ApacheJMeter_core.jar:5.6.3]
	at org.apache.jmeter.threads.JMeterThread.processSampler(JMeterThread.java:501) [ApacheJMeter_core.jar:5.6.3]
	at org.apache.jmeter.threads.JMeterThread.run(JMeterThread.java:268) [ApacheJMeter_core.jar:5.6.3]
	at java.base/java.lang.Thread.run(Thread.java:840) [?:?]
Caused by: java.lang.IllegalStateException: LOADTESTLINK must contain both c= and e= parameters, got: https://order.smartone.com/jsp/smartpass/english/customer.jsp?tm=20260911_0859
	at java.base/jdk.internal.reflect.GeneratedConstructorAccessor47.newInstance(Unknown Source) ~[?:?]
	at java.base/jdk.internal.reflect.DelegatingConstructorAccessorImpl.newInstance(DelegatingConstructorAccessorImpl.java:45) ~[?:?]
	at java.base/java.lang.reflect.Constructor.newInstanceWithCaller(Constructor.java:500) ~[?:?]
	at java.base/java.lang.reflect.Constructor.newInstance(Constructor.java:481) ~[?:?]
	at org.codehaus.groovy.reflection.CachedConstructor.invoke(CachedConstructor.java:72) ~[groovy-3.0.20.jar:3.0.20]
	at org.codehaus.groovy.runtime.callsite.ConstructorSite$ConstructorSiteNoUnwrapNoCoerce.callConstructor(ConstructorSite.java:105) ~[groovy-3.0.20.jar:3.0.20]
	at org.codehaus.groovy.runtime.callsite.AbstractCallSite.callConstructor(AbstractCallSite.java:277) ~[groovy-3.0.20.jar:3.0.20]
	at Script1.run(Script1.groovy:12) ~[?:?]
	at org.codehaus.groovy.jsr223.GroovyScriptEngineImpl.eval(GroovyScriptEngineImpl.java:317) ~[groovy-jsr223-3.0.20.jar:3.0.20]
	... 9 more
2026-09-10 03:12:04,253 ERROR o.a.j.m.JSR223PreProcessor: Problem in JSR223 script, Extracting Test Variables
javax.script.ScriptException: java.lang.IllegalStateException: LOADTESTLINK must contain both c= and e= parameters, got: https://order.smartone.com/jsp/smartpass/english/customer.jsp?tm=20260911_0859
	at org.codehaus.groovy.jsr223.GroovyScriptEngineImpl.eval(GroovyScriptEngineImpl.java:320) ~[groovy-jsr223-3.0.20.jar:3.0.20]
	at org.codehaus.groovy.jsr223.GroovyCompiledScript.eval(GroovyCompiledScript.java:71) ~[groovy-jsr223-3.0.20.jar:3.0.20]
	at java.scripting/javax.script.CompiledScript.eval(CompiledScript.java:93) ~[java.scripting:?]
	at org.apache.jmeter.util.JSR223TestElement.processFileOrScript(JSR223TestElement.java:230) ~[ApacheJMeter_core.jar:5.6.3]
	at org.apache.jmeter.modifiers.JSR223PreProcessor.process(JSR223PreProcessor.java:45) [ApacheJMeter_components.jar:5.6.3]
	at org.apache.jmeter.threads.JMeterThread.runPreProcessors(JMeterThread.java:983) [ApacheJMeter_core.jar:5.6.3]
	at org.apache.jmeter.threads.JMeterThread.executeSamplePackage(JMeterThread.java:561) [ApacheJMeter_core.jar:5.6.3]
	at org.apache.jmeter.threads.JMeterThread.processSampler(JMeterThread.java:501) [ApacheJMeter_core.jar:5.6.3]
	at org.apache.jmeter.threads.JMeterThread.run(JMeterThread.java:268) [ApacheJMeter_core.jar:5.6.3]
	at java.base/java.lang.Thread.run(Thread.java:840) [?:?]
Caused by: java.lang.IllegalStateException: LOADTESTLINK must contain both c= and e= parameters, got: https://order.smartone.com/jsp/smartpass/english/customer.jsp?tm=20260911_0859
	at java.base/jdk.internal.reflect.GeneratedConstructorAccessor47.newInstance(Unknown Source) ~[?:?]
	at java.base/jdk.internal.reflect.DelegatingConstructorAccessorImpl.newInstance(DelegatingConstructorAccessorImpl.java:45) ~[?:?]
	at java.base/java.lang.reflect.Constructor.newInstanceWithCaller(Constructor.java:500) ~[?:?]
	at java.base/java.lang.reflect.Constructor.newInstance(Constructor.java:481) ~[?:?]
	at org.codehaus.groovy.reflection.CachedConstructor.invoke(CachedConstructor.java:72) ~[groovy-3.0.20.jar:3.0.20]
	at org.codehaus.groovy.runtime.callsite.ConstructorSite$ConstructorSiteNoUnwrapNoCoerce.callConstructor(ConstructorSite.java:105) ~[groovy-3.0.20.jar:3.0.20]
	at org.codehaus.groovy.runtime.callsite.AbstractCallSite.callConstructor(AbstractCallSite.java:277) ~[groovy-3.0.20.jar:3.0.20]
	at Script1.run(Script1.groovy:12) ~[?:?]
	at org.codehaus.groovy.jsr223.GroovyScriptEngineImpl.eval(GroovyScriptEngineImpl.java:317) ~[groovy-jsr223-3.0.20.jar:3.0.20]
	... 9 more
2026-09-10 03:12:04,255 ERROR o.a.j.m.JSR223PreProcessor: Problem in JSR223 script, Extracting Test Variables
javax.script.ScriptException: java.lang.IllegalStateException: LOADTESTLINK must contain both c= and e= parameters, got: https://order.smartone.com/jsp/smartpass/english/customer.jsp?tm=20260911_0859
	at org.codehaus.groovy.jsr223.GroovyScriptEngineImpl.eval(GroovyScriptEngineImpl.java:320) ~[groovy-jsr223-3.0.20.jar:3.0.20]
	at org.codehaus.groovy.jsr223.GroovyCompiledScript.eval(GroovyCompiledScript.java:71) ~[groovy-jsr223-3.0.20.jar:3.0.20]
	at java.scripting/javax.script.CompiledScript.eval(CompiledScript.java:93) ~[java.scripting:?]
	at org.apache.jmeter.util.JSR223TestElement.processFileOrScript(JSR223TestElement.java:230) ~[ApacheJMeter_core.jar:5.6.3]
	at org.apache.jmeter.modifiers.JSR223PreProcessor.process(JSR223PreProcessor.java:45) [ApacheJMeter_components.jar:5.6.3]
	at org.apache.jmeter.threads.JMeterThread.runPreProcessors(JMeterThread.java:983) [ApacheJMeter_core.jar:5.6.3]
	at org.apache.jmeter.threads.JMeterThread.executeSamplePackage(JMeterThread.java:561) [ApacheJMeter_core.jar:5.6.3]
	at org.apache.jmeter.threads.JMeterThread.processSampler(JMeterThread.java:501) [ApacheJMeter_core.jar:5.6.3]
	at org.apache.jmeter.threads.JMeterThread.run(JMeterThread.java:268) [ApacheJMeter_core.jar:5.6.3]
	at java.base/java.lang.Thread.run(Thread.java:840) [?:?]
Caused by: java.lang.IllegalStateException: LOADTESTLINK must contain both c= and e= parameters, got: https://order.smartone.com/jsp/smartpass/english/customer.jsp?tm=20260911_0859
	at java.base/jdk.internal.reflect.GeneratedConstructorAccessor47.newInstance(Unknown Source) ~[?:?]
	at java.base/jdk.internal.reflect.DelegatingConstructorAccessorImpl.newInstance(DelegatingConstructorAccessorImpl.java:45) ~[?:?]
	at java.base/java.lang.reflect.Constructor.newInstanceWithCaller(Constructor.java:500) ~[?:?]
	at java.base/java.lang.reflect.Constructor.newInstance(Constructor.java:481) ~[?:?]
	at org.codehaus.groovy.reflection.CachedConstructor.invoke(CachedConstructor.java:72) ~[groovy-3.0.20.jar:3.0.20]
	at org.codehaus.groovy.runtime.callsite.ConstructorSite$ConstructorSiteNoUnwrapNoCoerce.callConstructor(ConstructorSite.java:105) ~[groovy-3.0.20.jar:3.0.20]
	at org.codehaus.groovy.runtime.callsite.AbstractCallSite.callConstructor(AbstractCallSite.java:277) ~[groovy-3.0.20.jar:3.0.20]
	at Script1.run(Script1.groovy:12) ~[?:?]
	at org.codehaus.groovy.jsr223.GroovyScriptEngineImpl.eval(GroovyScriptEngineImpl.java:317) ~[groovy-jsr223-3.0.20.jar:3.0.20]
	... 9 more
2026-09-10 03:12:04,256 INFO o.a.j.s.TestAction: Stopping current thread from element Stop Test
2026-09-10 03:12:04,256 INFO o.a.j.t.JMeterThread: Stopping: Normal Flow Group 1-6
2026-09-10 03:12:04,256 INFO o.a.j.t.JMeterThread: Thread finished: Normal Flow Group 1-6
2026-09-10 03:12:05,715 INFO o.a.j.t.JMeterThread: Thread started: Normal Flow Group 1-7
2026-09-10 03:12:05,716 ERROR o.a.j.m.JSR223PreProcessor: Problem in JSR223 script, Extracting Test Variables
javax.script.ScriptException: java.lang.IllegalStateException: LOADTESTLINK must contain both c= and e= parameters, got: https://order.smartone.com/jsp/smartpass/english/customer.jsp?tm=20260911_0859
	at org.codehaus.groovy.jsr223.GroovyScriptEngineImpl.eval(GroovyScriptEngineImpl.java:320) ~[groovy-jsr223-3.0.20.jar:3.0.20]
	at org.codehaus.groovy.jsr223.GroovyCompiledScript.eval(GroovyCompiledScript.java:71) ~[groovy-jsr223-3.0.20.jar:3.0.20]
	at java.scripting/javax.script.CompiledScript.eval(CompiledScript.java:93) ~[java.scripting:?]
	at org.apache.jmeter.util.JSR223TestElement.processFileOrScript(JSR223TestElement.java:230) ~[ApacheJMeter_core.jar:5.6.3]
	at org.apache.jmeter.modifiers.JSR223PreProcessor.process(JSR223PreProcessor.java:45) [ApacheJMeter_components.jar:5.6.3]
	at org.apache.jmeter.threads.JMeterThread.runPreProcessors(JMeterThread.java:983) [ApacheJMeter_core.jar:5.6.3]
	at org.apache.jmeter.threads.JMeterThread.executeSamplePackage(JMeterThread.java:561) [ApacheJMeter_core.jar:5.6.3]
	at org.apache.jmeter.threads.JMeterThread.processSampler(JMeterThread.java:501) [ApacheJMeter_core.jar:5.6.3]
	at org.apache.jmeter.threads.JMeterThread.run(JMeterThread.java:268) [ApacheJMeter_core.jar:5.6.3]
	at java.base/java.lang.Thread.run(Thread.java:840) [?:?]
Caused by: java.lang.IllegalStateException: LOADTESTLINK must contain both c= and e= parameters, got: https://order.smartone.com/jsp/smartpass/english/customer.jsp?tm=20260911_0859
	at java.base/jdk.internal.reflect.GeneratedConstructorAccessor47.newInstance(Unknown Source) ~[?:?]
	at java.base/jdk.internal.reflect.DelegatingConstructorAccessorImpl.newInstance(DelegatingConstructorAccessorImpl.java:45) ~[?:?]
	at java.base/java.lang.reflect.Constructor.newInstanceWithCaller(Constructor.java:500) ~[?:?]
	at java.base/java.lang.reflect.Constructor.newInstance(Constructor.java:481) ~[?:?]
	at org.codehaus.groovy.reflection.CachedConstructor.invoke(CachedConstructor.java:72) ~[groovy-3.0.20.jar:3.0.20]
	at org.codehaus.groovy.runtime.callsite.ConstructorSite$ConstructorSiteNoUnwrapNoCoerce.callConstructor(ConstructorSite.java:105) ~[groovy-3.0.20.jar:3.0.20]
	at org.codehaus.groovy.runtime.callsite.AbstractCallSite.callConstructor(AbstractCallSite.java:277) ~[groovy-3.0.20.jar:3.0.20]
	at Script1.run(Script1.groovy:12) ~[?:?]
	at org.codehaus.groovy.jsr223.GroovyScriptEngineImpl.eval(GroovyScriptEngineImpl.java:317) ~[groovy-jsr223-3.0.20.jar:3.0.20]
	... 9 more
2026-09-10 03:12:05,768 ERROR o.a.j.m.JSR223PreProcessor: Problem in JSR223 script, Extracting Test Variables
javax.script.ScriptException: java.lang.IllegalStateException: LOADTESTLINK must contain both c= and e= parameters, got: https://order.smartone.com/jsp/smartpass/english/customer.jsp?tm=20260911_0859
	at org.codehaus.groovy.jsr223.GroovyScriptEngineImpl.eval(GroovyScriptEngineImpl.java:320) ~[groovy-jsr223-3.0.20.jar:3.0.20]
	at org.codehaus.groovy.jsr223.GroovyCompiledScript.eval(GroovyCompiledScript.java:71) ~[groovy-jsr223-3.0.20.jar:3.0.20]
	at java.scripting/javax.script.CompiledScript.eval(CompiledScript.java:93) ~[java.scripting:?]
	at org.apache.jmeter.util.JSR223TestElement.processFileOrScript(JSR223TestElement.java:230) ~[ApacheJMeter_core.jar:5.6.3]
	at org.apache.jmeter.modifiers.JSR223PreProcessor.process(JSR223PreProcessor.java:45) [ApacheJMeter_components.jar:5.6.3]
	at org.apache.jmeter.threads.JMeterThread.runPreProcessors(JMeterThread.java:983) [ApacheJMeter_core.jar:5.6.3]
	at org.apache.jmeter.threads.JMeterThread.executeSamplePackage(JMeterThread.java:561) [ApacheJMeter_core.jar:5.6.3]
	at org.apache.jmeter.threads.JMeterThread.processSampler(JMeterThread.java:501) [ApacheJMeter_core.jar:5.6.3]
	at org.apache.jmeter.threads.JMeterThread.run(JMeterThread.java:268) [ApacheJMeter_core.jar:5.6.3]
	at java.base/java.lang.Thread.run(Thread.java:840) [?:?]
Caused by: java.lang.IllegalStateException: LOADTESTLINK must contain both c= and e= parameters, got: https://order.smartone.com/jsp/smartpass/english/customer.jsp?tm=20260911_0859
	at java.base/jdk.internal.reflect.GeneratedConstructorAccessor47.newInstance(Unknown Source) ~[?:?]
	at java.base/jdk.internal.reflect.DelegatingConstructorAccessorImpl.newInstance(DelegatingConstructorAccessorImpl.java:45) ~[?:?]
	at java.base/java.lang.reflect.Constructor.newInstanceWithCaller(Constructor.java:500) ~[?:?]
	at java.base/java.lang.reflect.Constructor.newInstance(Constructor.java:481) ~[?:?]
	at org.codehaus.groovy.reflection.CachedConstructor.invoke(CachedConstructor.java:72) ~[groovy-3.0.20.jar:3.0.20]
	at org.codehaus.groovy.runtime.callsite.ConstructorSite$ConstructorSiteNoUnwrapNoCoerce.callConstructor(ConstructorSite.java:105) ~[groovy-3.0.20.jar:3.0.20]
	at org.codehaus.groovy.runtime.callsite.AbstractCallSite.callConstructor(AbstractCallSite.java:277) ~[groovy-3.0.20.jar:3.0.20]
	at Script1.run(Script1.groovy:12) ~[?:?]
	at org.codehaus.groovy.jsr223.GroovyScriptEngineImpl.eval(GroovyScriptEngineImpl.java:317) ~[groovy-jsr223-3.0.20.jar:3.0.20]
	... 9 more
2026-09-10 03:12:05,773 ERROR o.a.j.m.JSR223PreProcessor: Problem in JSR223 script, Extracting Test Variables
javax.script.ScriptException: java.lang.IllegalStateException: LOADTESTLINK must contain both c= and e= parameters, got: https://order.smartone.com/jsp/smartpass/english/customer.jsp?tm=20260911_0859
	at org.codehaus.groovy.jsr223.GroovyScriptEngineImpl.eval(GroovyScriptEngineImpl.java:320) ~[groovy-jsr223-3.0.20.jar:3.0.20]
	at org.codehaus.groovy.jsr223.GroovyCompiledScript.eval(GroovyCompiledScript.java:71) ~[groovy-jsr223-3.0.20.jar:3.0.20]
	at java.scripting/javax.script.CompiledScript.eval(CompiledScript.java:93) ~[java.scripting:?]
	at org.apache.jmeter.util.JSR223TestElement.processFileOrScript(JSR223TestElement.java:230) ~[ApacheJMeter_core.jar:5.6.3]
	at org.apache.jmeter.modifiers.JSR223PreProcessor.process(JSR223PreProcessor.java:45) [ApacheJMeter_components.jar:5.6.3]
	at org.apache.jmeter.threads.JMeterThread.runPreProcessors(JMeterThread.java:983) [ApacheJMeter_core.jar:5.6.3]
	at org.apache.jmeter.threads.JMeterThread.executeSamplePackage(JMeterThread.java:561) [ApacheJMeter_core.jar:5.6.3]
	at org.apache.jmeter.threads.JMeterThread.processSampler(JMeterThread.java:501) [ApacheJMeter_core.jar:5.6.3]
	at org.apache.jmeter.threads.JMeterThread.run(JMeterThread.java:268) [ApacheJMeter_core.jar:5.6.3]
	at java.base/java.lang.Thread.run(Thread.java:840) [?:?]
Caused by: java.lang.IllegalStateException: LOADTESTLINK must contain both c= and e= parameters, got: https://order.smartone.com/jsp/smartpass/english/customer.jsp?tm=20260911_0859
	at java.base/jdk.internal.reflect.GeneratedConstructorAccessor47.newInstance(Unknown Source) ~[?:?]
	at java.base/jdk.internal.reflect.DelegatingConstructorAccessorImpl.newInstance(DelegatingConstructorAccessorImpl.java:45) ~[?:?]
	at java.base/java.lang.reflect.Constructor.newInstanceWithCaller(Constructor.java:500) ~[?:?]
	at java.base/java.lang.reflect.Constructor.newInstance(Constructor.java:481) ~[?:?]
	at org.codehaus.groovy.reflection.CachedConstructor.invoke(CachedConstructor.java:72) ~[groovy-3.0.20.jar:3.0.20]
	at org.codehaus.groovy.runtime.callsite.ConstructorSite$ConstructorSiteNoUnwrapNoCoerce.callConstructor(ConstructorSite.java:105) ~[groovy-3.0.20.jar:3.0.20]
	at org.codehaus.groovy.runtime.callsite.AbstractCallSite.callConstructor(AbstractCallSite.java:277) ~[groovy-3.0.20.jar:3.0.20]
	at Script1.run(Script1.groovy:12) ~[?:?]
	at org.codehaus.groovy.jsr223.GroovyScriptEngineImpl.eval(GroovyScriptEngineImpl.java:317) ~[groovy-jsr223-3.0.20.jar:3.0.20]
	... 9 more
2026-09-10 03:12:05,775 ERROR o.a.j.m.JSR223PreProcessor: Problem in JSR223 script, Extracting Test Variables
javax.script.ScriptException: java.lang.IllegalStateException: LOADTESTLINK must contain both c= and e= parameters, got: https://order.smartone.com/jsp/smartpass/english/customer.jsp?tm=20260911_0859
	at org.codehaus.groovy.jsr223.GroovyScriptEngineImpl.eval(GroovyScriptEngineImpl.java:320) ~[groovy-jsr223-3.0.20.jar:3.0.20]
	at org.codehaus.groovy.jsr223.GroovyCompiledScript.eval(GroovyCompiledScript.java:71) ~[groovy-jsr223-3.0.20.jar:3.0.20]
	at java.scripting/javax.script.CompiledScript.eval(CompiledScript.java:93) ~[java.scripting:?]
	at org.apache.jmeter.util.JSR223TestElement.processFileOrScript(JSR223TestElement.java:230) ~[ApacheJMeter_core.jar:5.6.3]
	at org.apache.jmeter.modifiers.JSR223PreProcessor.process(JSR223PreProcessor.java:45) [ApacheJMeter_components.jar:5.6.3]
	at org.apache.jmeter.threads.JMeterThread.runPreProcessors(JMeterThread.java:983) [ApacheJMeter_core.jar:5.6.3]
	at org.apache.jmeter.threads.JMeterThread.executeSamplePackage(JMeterThread.java:561) [ApacheJMeter_core.jar:5.6.3]
	at org.apache.jmeter.threads.JMeterThread.processSampler(JMeterThread.java:501) [ApacheJMeter_core.jar:5.6.3]
	at org.apache.jmeter.threads.JMeterThread.run(JMeterThread.java:268) [ApacheJMeter_core.jar:5.6.3]
	at java.base/java.lang.Thread.run(Thread.java:840) [?:?]
Caused by: java.lang.IllegalStateException: LOADTESTLINK must contain both c= and e= parameters, got: https://order.smartone.com/jsp/smartpass/english/customer.jsp?tm=20260911_0859
	at java.base/jdk.internal.reflect.GeneratedConstructorAccessor47.newInstance(Unknown Source) ~[?:?]
	at java.base/jdk.internal.reflect.DelegatingConstructorAccessorImpl.newInstance(DelegatingConstructorAccessorImpl.java:45) ~[?:?]
	at java.base/java.lang.reflect.Constructor.newInstanceWithCaller(Constructor.java:500) ~[?:?]
	at java.base/java.lang.reflect.Constructor.newInstance(Constructor.java:481) ~[?:?]
	at org.codehaus.groovy.reflection.CachedConstructor.invoke(CachedConstructor.java:72) ~[groovy-3.0.20.jar:3.0.20]
	at org.codehaus.groovy.runtime.callsite.ConstructorSite$ConstructorSiteNoUnwrapNoCoerce.callConstructor(ConstructorSite.java:105) ~[groovy-3.0.20.jar:3.0.20]
	at org.codehaus.groovy.runtime.callsite.AbstractCallSite.callConstructor(AbstractCallSite.java:277) ~[groovy-3.0.20.jar:3.0.20]
	at Script1.run(Script1.groovy:12) ~[?:?]
	at org.codehaus.groovy.jsr223.GroovyScriptEngineImpl.eval(GroovyScriptEngineImpl.java:317) ~[groovy-jsr223-3.0.20.jar:3.0.20]
	... 9 more
2026-09-10 03:12:05,775 INFO o.a.j.s.TestAction: Stopping current thread from element Stop Test
2026-09-10 03:12:05,776 INFO o.a.j.t.JMeterThread: Stopping: Normal Flow Group 1-7
2026-09-10 03:12:05,776 INFO o.a.j.t.JMeterThread: Thread finished: Normal Flow Group 1-7
2026-09-10 03:12:07,213 INFO o.a.j.t.JMeterThread: Thread started: Normal Flow Group 1-8
2026-09-10 03:12:07,215 ERROR o.a.j.m.JSR223PreProcessor: Problem in JSR223 script, Extracting Test Variables
javax.script.ScriptException: java.lang.IllegalStateException: LOADTESTLINK must contain both c= and e= parameters, got: https://order.smartone.com/jsp/smartpass/english/customer.jsp?tm=20260911_0859
	at org.codehaus.groovy.jsr223.GroovyScriptEngineImpl.eval(GroovyScriptEngineImpl.java:320) ~[groovy-jsr223-3.0.20.jar:3.0.20]
	at org.codehaus.groovy.jsr223.GroovyCompiledScript.eval(GroovyCompiledScript.java:71) ~[groovy-jsr223-3.0.20.jar:3.0.20]
	at java.scripting/javax.script.CompiledScript.eval(CompiledScript.java:93) ~[java.scripting:?]
	at org.apache.jmeter.util.JSR223TestElement.processFileOrScript(JSR223TestElement.java:230) ~[ApacheJMeter_core.jar:5.6.3]
	at org.apache.jmeter.modifiers.JSR223PreProcessor.process(JSR223PreProcessor.java:45) [ApacheJMeter_components.jar:5.6.3]
	at org.apache.jmeter.threads.JMeterThread.runPreProcessors(JMeterThread.java:983) [ApacheJMeter_core.jar:5.6.3]
	at org.apache.jmeter.threads.JMeterThread.executeSamplePackage(JMeterThread.java:561) [ApacheJMeter_core.jar:5.6.3]
	at org.apache.jmeter.threads.JMeterThread.processSampler(JMeterThread.java:501) [ApacheJMeter_core.jar:5.6.3]
	at org.apache.jmeter.threads.JMeterThread.run(JMeterThread.java:268) [ApacheJMeter_core.jar:5.6.3]
	at java.base/java.lang.Thread.run(Thread.java:840) [?:?]
Caused by: java.lang.IllegalStateException: LOADTESTLINK must contain both c= and e= parameters, got: https://order.smartone.com/jsp/smartpass/english/customer.jsp?tm=20260911_0859
	at java.base/jdk.internal.reflect.GeneratedConstructorAccessor47.newInstance(Unknown Source) ~[?:?]
	at java.base/jdk.internal.reflect.DelegatingConstructorAccessorImpl.newInstance(DelegatingConstructorAccessorImpl.java:45) ~[?:?]
	at java.base/java.lang.reflect.Constructor.newInstanceWithCaller(Constructor.java:500) ~[?:?]
	at java.base/java.lang.reflect.Constructor.newInstance(Constructor.java:481) ~[?:?]
	at org.codehaus.groovy.reflection.CachedConstructor.invoke(CachedConstructor.java:72) ~[groovy-3.0.20.jar:3.0.20]
	at org.codehaus.groovy.runtime.callsite.ConstructorSite$ConstructorSiteNoUnwrapNoCoerce.callConstructor(ConstructorSite.java:105) ~[groovy-3.0.20.jar:3.0.20]
	at org.codehaus.groovy.runtime.callsite.AbstractCallSite.callConstructor(AbstractCallSite.java:277) ~[groovy-3.0.20.jar:3.0.20]
	at Script1.run(Script1.groovy:12) ~[?:?]
	at org.codehaus.groovy.jsr223.GroovyScriptEngineImpl.eval(GroovyScriptEngineImpl.java:317) ~[groovy-jsr223-3.0.20.jar:3.0.20]
	... 9 more
2026-09-10 03:12:07,260 ERROR o.a.j.m.JSR223PreProcessor: Problem in JSR223 script, Extracting Test Variables
javax.script.ScriptException: java.lang.IllegalStateException: LOADTESTLINK must contain both c= and e= parameters, got: https://order.smartone.com/jsp/smartpass/english/customer.jsp?tm=20260911_0859
	at org.codehaus.groovy.jsr223.GroovyScriptEngineImpl.eval(GroovyScriptEngineImpl.java:320) ~[groovy-jsr223-3.0.20.jar:3.0.20]
	at org.codehaus.groovy.jsr223.GroovyCompiledScript.eval(GroovyCompiledScript.java:71) ~[groovy-jsr223-3.0.20.jar:3.0.20]
	at java.scripting/javax.script.CompiledScript.eval(CompiledScript.java:93) ~[java.scripting:?]
	at org.apache.jmeter.util.JSR223TestElement.processFileOrScript(JSR223TestElement.java:230) ~[ApacheJMeter_core.jar:5.6.3]
	at org.apache.jmeter.modifiers.JSR223PreProcessor.process(JSR223PreProcessor.java:45) [ApacheJMeter_components.jar:5.6.3]
	at org.apache.jmeter.threads.JMeterThread.runPreProcessors(JMeterThread.java:983) [ApacheJMeter_core.jar:5.6.3]
	at org.apache.jmeter.threads.JMeterThread.executeSamplePackage(JMeterThread.java:561) [ApacheJMeter_core.jar:5.6.3]
	at org.apache.jmeter.threads.JMeterThread.processSampler(JMeterThread.java:501) [ApacheJMeter_core.jar:5.6.3]
	at org.apache.jmeter.threads.JMeterThread.run(JMeterThread.java:268) [ApacheJMeter_core.jar:5.6.3]
	at java.base/java.lang.Thread.run(Thread.java:840) [?:?]
Caused by: java.lang.IllegalStateException: LOADTESTLINK must contain both c= and e= parameters, got: https://order.smartone.com/jsp/smartpass/english/customer.jsp?tm=20260911_0859
	at java.base/jdk.internal.reflect.GeneratedConstructorAccessor47.newInstance(Unknown Source) ~[?:?]
	at java.base/jdk.internal.reflect.DelegatingConstructorAccessorImpl.newInstance(DelegatingConstructorAccessorImpl.java:45) ~[?:?]
	at java.base/java.lang.reflect.Constructor.newInstanceWithCaller(Constructor.java:500) ~[?:?]
	at java.base/java.lang.reflect.Constructor.newInstance(Constructor.java:481) ~[?:?]
	at org.codehaus.groovy.reflection.CachedConstructor.invoke(CachedConstructor.java:72) ~[groovy-3.0.20.jar:3.0.20]
	at org.codehaus.groovy.runtime.callsite.ConstructorSite$ConstructorSiteNoUnwrapNoCoerce.callConstructor(ConstructorSite.java:105) ~[groovy-3.0.20.jar:3.0.20]
	at org.codehaus.groovy.runtime.callsite.AbstractCallSite.callConstructor(AbstractCallSite.java:277) ~[groovy-3.0.20.jar:3.0.20]
	at Script1.run(Script1.groovy:12) ~[?:?]
	at org.codehaus.groovy.jsr223.GroovyScriptEngineImpl.eval(GroovyScriptEngineImpl.java:317) ~[groovy-jsr223-3.0.20.jar:3.0.20]
	... 9 more
2026-09-10 03:12:07,263 ERROR o.a.j.m.JSR223PreProcessor: Problem in JSR223 script, Extracting Test Variables
javax.script.ScriptException: java.lang.IllegalStateException: LOADTESTLINK must contain both c= and e= parameters, got: https://order.smartone.com/jsp/smartpass/english/customer.jsp?tm=20260911_0859
	at org.codehaus.groovy.jsr223.GroovyScriptEngineImpl.eval(GroovyScriptEngineImpl.java:320) ~[groovy-jsr223-3.0.20.jar:3.0.20]
	at org.codehaus.groovy.jsr223.GroovyCompiledScript.eval(GroovyCompiledScript.java:71) ~[groovy-jsr223-3.0.20.jar:3.0.20]
	at java.scripting/javax.script.CompiledScript.eval(CompiledScript.java:93) ~[java.scripting:?]
	at org.apache.jmeter.util.JSR223TestElement.processFileOrScript(JSR223TestElement.java:230) ~[ApacheJMeter_core.jar:5.6.3]
	at org.apache.jmeter.modifiers.JSR223PreProcessor.process(JSR223PreProcessor.java:45) [ApacheJMeter_components.jar:5.6.3]
	at org.apache.jmeter.threads.JMeterThread.runPreProcessors(JMeterThread.java:983) [ApacheJMeter_core.jar:5.6.3]
	at org.apache.jmeter.threads.JMeterThread.executeSamplePackage(JMeterThread.java:561) [ApacheJMeter_core.jar:5.6.3]
	at org.apache.jmeter.threads.JMeterThread.processSampler(JMeterThread.java:501) [ApacheJMeter_core.jar:5.6.3]
	at org.apache.jmeter.threads.JMeterThread.run(JMeterThread.java:268) [ApacheJMeter_core.jar:5.6.3]
	at java.base/java.lang.Thread.run(Thread.java:840) [?:?]
Caused by: java.lang.IllegalStateException: LOADTESTLINK must contain both c= and e= parameters, got: https://order.smartone.com/jsp/smartpass/english/customer.jsp?tm=20260911_0859
	at java.base/jdk.internal.reflect.GeneratedConstructorAccessor47.newInstance(Unknown Source) ~[?:?]
	at java.base/jdk.internal.reflect.DelegatingConstructorAccessorImpl.newInstance(DelegatingConstructorAccessorImpl.java:45) ~[?:?]
	at java.base/java.lang.reflect.Constructor.newInstanceWithCaller(Constructor.java:500) ~[?:?]
	at java.base/java.lang.reflect.Constructor.newInstance(Constructor.java:481) ~[?:?]
	at org.codehaus.groovy.reflection.CachedConstructor.invoke(CachedConstructor.java:72) ~[groovy-3.0.20.jar:3.0.20]
	at org.codehaus.groovy.runtime.callsite.ConstructorSite$ConstructorSiteNoUnwrapNoCoerce.callConstructor(ConstructorSite.java:105) ~[groovy-3.0.20.jar:3.0.20]
	at org.codehaus.groovy.runtime.callsite.AbstractCallSite.callConstructor(AbstractCallSite.java:277) ~[groovy-3.0.20.jar:3.0.20]
	at Script1.run(Script1.groovy:12) ~[?:?]
	at org.codehaus.groovy.jsr223.GroovyScriptEngineImpl.eval(GroovyScriptEngineImpl.java:317) ~[groovy-jsr223-3.0.20.jar:3.0.20]
	... 9 more
2026-09-10 03:12:07,264 ERROR o.a.j.m.JSR223PreProcessor: Problem in JSR223 script, Extracting Test Variables
javax.script.ScriptException: java.lang.IllegalStateException: LOADTESTLINK must contain both c= and e= parameters, got: https://order.smartone.com/jsp/smartpass/english/customer.jsp?tm=20260911_0859
	at org.codehaus.groovy.jsr223.GroovyScriptEngineImpl.eval(GroovyScriptEngineImpl.java:320) ~[groovy-jsr223-3.0.20.jar:3.0.20]
	at org.codehaus.groovy.jsr223.GroovyCompiledScript.eval(GroovyCompiledScript.java:71) ~[groovy-jsr223-3.0.20.jar:3.0.20]
	at java.scripting/javax.script.CompiledScript.eval(CompiledScript.java:93) ~[java.scripting:?]
	at org.apache.jmeter.util.JSR223TestElement.processFileOrScript(JSR223TestElement.java:230) ~[ApacheJMeter_core.jar:5.6.3]
	at org.apache.jmeter.modifiers.JSR223PreProcessor.process(JSR223PreProcessor.java:45) [ApacheJMeter_components.jar:5.6.3]
	at org.apache.jmeter.threads.JMeterThread.runPreProcessors(JMeterThread.java:983) [ApacheJMeter_core.jar:5.6.3]
	at org.apache.jmeter.threads.JMeterThread.executeSamplePackage(JMeterThread.java:561) [ApacheJMeter_core.jar:5.6.3]
	at org.apache.jmeter.threads.JMeterThread.processSampler(JMeterThread.java:501) [ApacheJMeter_core.jar:5.6.3]
	at org.apache.jmeter.threads.JMeterThread.run(JMeterThread.java:268) [ApacheJMeter_core.jar:5.6.3]
	at java.base/java.lang.Thread.run(Thread.java:840) [?:?]
Caused by: java.lang.IllegalStateException: LOADTESTLINK must contain both c= and e= parameters, got: https://order.smartone.com/jsp/smartpass/english/customer.jsp?tm=20260911_0859
	at java.base/jdk.internal.reflect.GeneratedConstructorAccessor47.newInstance(Unknown Source) ~[?:?]
	at java.base/jdk.internal.reflect.DelegatingConstructorAccessorImpl.newInstance(DelegatingConstructorAccessorImpl.java:45) ~[?:?]
	at java.base/java.lang.reflect.Constructor.newInstanceWithCaller(Constructor.java:500) ~[?:?]
	at java.base/java.lang.reflect.Constructor.newInstance(Constructor.java:481) ~[?:?]
	at org.codehaus.groovy.reflection.CachedConstructor.invoke(CachedConstructor.java:72) ~[groovy-3.0.20.jar:3.0.20]
	at org.codehaus.groovy.runtime.callsite.ConstructorSite$ConstructorSiteNoUnwrapNoCoerce.callConstructor(ConstructorSite.java:105) ~[groovy-3.0.20.jar:3.0.20]
	at org.codehaus.groovy.runtime.callsite.AbstractCallSite.callConstructor(AbstractCallSite.java:277) ~[groovy-3.0.20.jar:3.0.20]
	at Script1.run(Script1.groovy:12) ~[?:?]
	at org.codehaus.groovy.jsr223.GroovyScriptEngineImpl.eval(GroovyScriptEngineImpl.java:317) ~[groovy-jsr223-3.0.20.jar:3.0.20]
	... 9 more
2026-09-10 03:12:07,265 INFO o.a.j.s.TestAction: Stopping current thread from element Stop Test
2026-09-10 03:12:07,265 INFO o.a.j.t.JMeterThread: Stopping: Normal Flow Group 1-8
2026-09-10 03:12:07,265 INFO o.a.j.t.JMeterThread: Thread finished: Normal Flow Group 1-8
2026-09-10 03:12:08,713 INFO o.a.j.t.JMeterThread: Thread started: Normal Flow Group 1-9
2026-09-10 03:12:08,715 ERROR o.a.j.m.JSR223PreProcessor: Problem in JSR223 script, Extracting Test Variables
javax.script.ScriptException: java.lang.IllegalStateException: LOADTESTLINK must contain both c= and e= parameters, got: https://order.smartone.com/jsp/smartpass/english/customer.jsp?tm=20260911_0859
	at org.codehaus.groovy.jsr223.GroovyScriptEngineImpl.eval(GroovyScriptEngineImpl.java:320) ~[groovy-jsr223-3.0.20.jar:3.0.20]
	at org.codehaus.groovy.jsr223.GroovyCompiledScript.eval(GroovyCompiledScript.java:71) ~[groovy-jsr223-3.0.20.jar:3.0.20]
	at java.scripting/javax.script.CompiledScript.eval(CompiledScript.java:93) ~[java.scripting:?]
	at org.apache.jmeter.util.JSR223TestElement.processFileOrScript(JSR223TestElement.java:230) ~[ApacheJMeter_core.jar:5.6.3]
	at org.apache.jmeter.modifiers.JSR223PreProcessor.process(JSR223PreProcessor.java:45) [ApacheJMeter_components.jar:5.6.3]
	at org.apache.jmeter.threads.JMeterThread.runPreProcessors(JMeterThread.java:983) [ApacheJMeter_core.jar:5.6.3]
	at org.apache.jmeter.threads.JMeterThread.executeSamplePackage(JMeterThread.java:561) [ApacheJMeter_core.jar:5.6.3]
	at org.apache.jmeter.threads.JMeterThread.processSampler(JMeterThread.java:501) [ApacheJMeter_core.jar:5.6.3]
	at org.apache.jmeter.threads.JMeterThread.run(JMeterThread.java:268) [ApacheJMeter_core.jar:5.6.3]
	at java.base/java.lang.Thread.run(Thread.java:840) [?:?]
Caused by: java.lang.IllegalStateException: LOADTESTLINK must contain both c= and e= parameters, got: https://order.smartone.com/jsp/smartpass/english/customer.jsp?tm=20260911_0859
	at java.base/jdk.internal.reflect.GeneratedConstructorAccessor47.newInstance(Unknown Source) ~[?:?]
	at java.base/jdk.internal.reflect.DelegatingConstructorAccessorImpl.newInstance(DelegatingConstructorAccessorImpl.java:45) ~[?:?]
	at java.base/java.lang.reflect.Constructor.newInstanceWithCaller(Constructor.java:500) ~[?:?]
	at java.base/java.lang.reflect.Constructor.newInstance(Constructor.java:481) ~[?:?]
	at org.codehaus.groovy.reflection.CachedConstructor.invoke(CachedConstructor.java:72) ~[groovy-3.0.20.jar:3.0.20]
	at org.codehaus.groovy.runtime.callsite.ConstructorSite$ConstructorSiteNoUnwrapNoCoerce.callConstructor(ConstructorSite.java:105) ~[groovy-3.0.20.jar:3.0.20]
	at org.codehaus.groovy.runtime.callsite.AbstractCallSite.callConstructor(AbstractCallSite.java:277) ~[groovy-3.0.20.jar:3.0.20]
	at Script1.run(Script1.groovy:12) ~[?:?]
	at org.codehaus.groovy.jsr223.GroovyScriptEngineImpl.eval(GroovyScriptEngineImpl.java:317) ~[groovy-jsr223-3.0.20.jar:3.0.20]
	... 9 more
2026-09-10 03:12:08,739 ERROR o.a.j.m.JSR223PreProcessor: Problem in JSR223 script, Extracting Test Variables
javax.script.ScriptException: java.lang.IllegalStateException: LOADTESTLINK must contain both c= and e= parameters, got: https://order.smartone.com/jsp/smartpass/english/customer.jsp?tm=20260911_0859
	at org.codehaus.groovy.jsr223.GroovyScriptEngineImpl.eval(GroovyScriptEngineImpl.java:320) ~[groovy-jsr223-3.0.20.jar:3.0.20]
	at org.codehaus.groovy.jsr223.GroovyCompiledScript.eval(GroovyCompiledScript.java:71) ~[groovy-jsr223-3.0.20.jar:3.0.20]
	at java.scripting/javax.script.CompiledScript.eval(CompiledScript.java:93) ~[java.scripting:?]
	at org.apache.jmeter.util.JSR223TestElement.processFileOrScript(JSR223TestElement.java:230) ~[ApacheJMeter_core.jar:5.6.3]
	at org.apache.jmeter.modifiers.JSR223PreProcessor.process(JSR223PreProcessor.java:45) [ApacheJMeter_components.jar:5.6.3]
	at org.apache.jmeter.threads.JMeterThread.runPreProcessors(JMeterThread.java:983) [ApacheJMeter_core.jar:5.6.3]
	at org.apache.jmeter.threads.JMeterThread.executeSamplePackage(JMeterThread.java:561) [ApacheJMeter_core.jar:5.6.3]
	at org.apache.jmeter.threads.JMeterThread.processSampler(JMeterThread.java:501) [ApacheJMeter_core.jar:5.6.3]
	at org.apache.jmeter.threads.JMeterThread.run(JMeterThread.java:268) [ApacheJMeter_core.jar:5.6.3]
	at java.base/java.lang.Thread.run(Thread.java:840) [?:?]
Caused by: java.lang.IllegalStateException: LOADTESTLINK must contain both c= and e= parameters, got: https://order.smartone.com/jsp/smartpass/english/customer.jsp?tm=20260911_0859
	at java.base/jdk.internal.reflect.GeneratedConstructorAccessor47.newInstance(Unknown Source) ~[?:?]
	at java.base/jdk.internal.reflect.DelegatingConstructorAccessorImpl.newInstance(DelegatingConstructorAccessorImpl.java:45) ~[?:?]
	at java.base/java.lang.reflect.Constructor.newInstanceWithCaller(Constructor.java:500) ~[?:?]
	at java.base/java.lang.reflect.Constructor.newInstance(Constructor.java:481) ~[?:?]
	at org.codehaus.groovy.reflection.CachedConstructor.invoke(CachedConstructor.java:72) ~[groovy-3.0.20.jar:3.0.20]
	at org.codehaus.groovy.runtime.callsite.ConstructorSite$ConstructorSiteNoUnwrapNoCoerce.callConstructor(ConstructorSite.java:105) ~[groovy-3.0.20.jar:3.0.20]
	at org.codehaus.groovy.runtime.callsite.AbstractCallSite.callConstructor(AbstractCallSite.java:277) ~[groovy-3.0.20.jar:3.0.20]
	at Script1.run(Script1.groovy:12) ~[?:?]
	at org.codehaus.groovy.jsr223.GroovyScriptEngineImpl.eval(GroovyScriptEngineImpl.java:317) ~[groovy-jsr223-3.0.20.jar:3.0.20]
	... 9 more
2026-09-10 03:12:08,743 ERROR o.a.j.m.JSR223PreProcessor: Problem in JSR223 script, Extracting Test Variables
javax.script.ScriptException: java.lang.IllegalStateException: LOADTESTLINK must contain both c= and e= parameters, got: https://order.smartone.com/jsp/smartpass/english/customer.jsp?tm=20260911_0859
	at org.codehaus.groovy.jsr223.GroovyScriptEngineImpl.eval(GroovyScriptEngineImpl.java:320) ~[groovy-jsr223-3.0.20.jar:3.0.20]
	at org.codehaus.groovy.jsr223.GroovyCompiledScript.eval(GroovyCompiledScript.java:71) ~[groovy-jsr223-3.0.20.jar:3.0.20]
	at java.scripting/javax.script.CompiledScript.eval(CompiledScript.java:93) ~[java.scripting:?]
	at org.apache.jmeter.util.JSR223TestElement.processFileOrScript(JSR223TestElement.java:230) ~[ApacheJMeter_core.jar:5.6.3]
	at org.apache.jmeter.modifiers.JSR223PreProcessor.process(JSR223PreProcessor.java:45) [ApacheJMeter_components.jar:5.6.3]
	at org.apache.jmeter.threads.JMeterThread.runPreProcessors(JMeterThread.java:983) [ApacheJMeter_core.jar:5.6.3]
	at org.apache.jmeter.threads.JMeterThread.executeSamplePackage(JMeterThread.java:561) [ApacheJMeter_core.jar:5.6.3]
	at org.apache.jmeter.threads.JMeterThread.processSampler(JMeterThread.java:501) [ApacheJMeter_core.jar:5.6.3]
	at org.apache.jmeter.threads.JMeterThread.run(JMeterThread.java:268) [ApacheJMeter_core.jar:5.6.3]
	at java.base/java.lang.Thread.run(Thread.java:840) [?:?]
Caused by: java.lang.IllegalStateException: LOADTESTLINK must contain both c= and e= parameters, got: https://order.smartone.com/jsp/smartpass/english/customer.jsp?tm=20260911_0859
	at java.base/jdk.internal.reflect.GeneratedConstructorAccessor47.newInstance(Unknown Source) ~[?:?]
	at java.base/jdk.internal.reflect.DelegatingConstructorAccessorImpl.newInstance(DelegatingConstructorAccessorImpl.java:45) ~[?:?]
	at java.base/java.lang.reflect.Constructor.newInstanceWithCaller(Constructor.java:500) ~[?:?]
	at java.base/java.lang.reflect.Constructor.newInstance(Constructor.java:481) ~[?:?]
	at org.codehaus.groovy.reflection.CachedConstructor.invoke(CachedConstructor.java:72) ~[groovy-3.0.20.jar:3.0.20]
	at org.codehaus.groovy.runtime.callsite.ConstructorSite$ConstructorSiteNoUnwrapNoCoerce.callConstructor(ConstructorSite.java:105) ~[groovy-3.0.20.jar:3.0.20]
	at org.codehaus.groovy.runtime.callsite.AbstractCallSite.callConstructor(AbstractCallSite.java:277) ~[groovy-3.0.20.jar:3.0.20]
	at Script1.run(Script1.groovy:12) ~[?:?]
	at org.codehaus.groovy.jsr223.GroovyScriptEngineImpl.eval(GroovyScriptEngineImpl.java:317) ~[groovy-jsr223-3.0.20.jar:3.0.20]
	... 9 more
2026-09-10 03:12:08,744 ERROR o.a.j.m.JSR223PreProcessor: Problem in JSR223 script, Extracting Test Variables
javax.script.ScriptException: java.lang.IllegalStateException: LOADTESTLINK must contain both c= and e= parameters, got: https://order.smartone.com/jsp/smartpass/english/customer.jsp?tm=20260911_0859
	at org.codehaus.groovy.jsr223.GroovyScriptEngineImpl.eval(GroovyScriptEngineImpl.java:320) ~[groovy-jsr223-3.0.20.jar:3.0.20]
	at org.codehaus.groovy.jsr223.GroovyCompiledScript.eval(GroovyCompiledScript.java:71) ~[groovy-jsr223-3.0.20.jar:3.0.20]
	at java.scripting/javax.script.CompiledScript.eval(CompiledScript.java:93) ~[java.scripting:?]
	at org.apache.jmeter.util.JSR223TestElement.processFileOrScript(JSR223TestElement.java:230) ~[ApacheJMeter_core.jar:5.6.3]
	at org.apache.jmeter.modifiers.JSR223PreProcessor.process(JSR223PreProcessor.java:45) [ApacheJMeter_components.jar:5.6.3]
	at org.apache.jmeter.threads.JMeterThread.runPreProcessors(JMeterThread.java:983) [ApacheJMeter_core.jar:5.6.3]
	at org.apache.jmeter.threads.JMeterThread.executeSamplePackage(JMeterThread.java:561) [ApacheJMeter_core.jar:5.6.3]
	at org.apache.jmeter.threads.JMeterThread.processSampler(JMeterThread.java:501) [ApacheJMeter_core.jar:5.6.3]
	at org.apache.jmeter.threads.JMeterThread.run(JMeterThread.java:268) [ApacheJMeter_core.jar:5.6.3]
	at java.base/java.lang.Thread.run(Thread.java:840) [?:?]
Caused by: java.lang.IllegalStateException: LOADTESTLINK must contain both c= and e= parameters, got: https://order.smartone.com/jsp/smartpass/english/customer.jsp?tm=20260911_0859
	at java.base/jdk.internal.reflect.GeneratedConstructorAccessor47.newInstance(Unknown Source) ~[?:?]
	at java.base/jdk.internal.reflect.DelegatingConstructorAccessorImpl.newInstance(DelegatingConstructorAccessorImpl.java:45) ~[?:?]
	at java.base/java.lang.reflect.Constructor.newInstanceWithCaller(Constructor.java:500) ~[?:?]
	at java.base/java.lang.reflect.Constructor.newInstance(Constructor.java:481) ~[?:?]
	at org.codehaus.groovy.reflection.CachedConstructor.invoke(CachedConstructor.java:72) ~[groovy-3.0.20.jar:3.0.20]
	at org.codehaus.groovy.runtime.callsite.ConstructorSite$ConstructorSiteNoUnwrapNoCoerce.callConstructor(ConstructorSite.java:105) ~[groovy-3.0.20.jar:3.0.20]
	at org.codehaus.groovy.runtime.callsite.AbstractCallSite.callConstructor(AbstractCallSite.java:277) ~[groovy-3.0.20.jar:3.0.20]
	at Script1.run(Script1.groovy:12) ~[?:?]
	at org.codehaus.groovy.jsr223.GroovyScriptEngineImpl.eval(GroovyScriptEngineImpl.java:317) ~[groovy-jsr223-3.0.20.jar:3.0.20]
	... 9 more
2026-09-10 03:12:08,744 INFO o.a.j.s.TestAction: Stopping current thread from element Stop Test
2026-09-10 03:12:08,744 INFO o.a.j.t.JMeterThread: Stopping: Normal Flow Group 1-9
2026-09-10 03:12:08,744 INFO o.a.j.t.JMeterThread: Thread finished: Normal Flow Group 1-9
2026-09-10 03:12:10,213 INFO o.a.j.t.JMeterThread: Thread started: Normal Flow Group 1-10
2026-09-10 03:12:10,215 ERROR o.a.j.m.JSR223PreProcessor: Problem in JSR223 script, Extracting Test Variables
javax.script.ScriptException: java.lang.IllegalStateException: LOADTESTLINK must contain both c= and e= parameters, got: https://order.smartone.com/jsp/smartpass/english/customer.jsp?tm=20260911_0859
	at org.codehaus.groovy.jsr223.GroovyScriptEngineImpl.eval(GroovyScriptEngineImpl.java:320) ~[groovy-jsr223-3.0.20.jar:3.0.20]
	at org.codehaus.groovy.jsr223.GroovyCompiledScript.eval(GroovyCompiledScript.java:71) ~[groovy-jsr223-3.0.20.jar:3.0.20]
	at java.scripting/javax.script.CompiledScript.eval(CompiledScript.java:93) ~[java.scripting:?]
	at org.apache.jmeter.util.JSR223TestElement.processFileOrScript(JSR223TestElement.java:230) ~[ApacheJMeter_core.jar:5.6.3]
	at org.apache.jmeter.modifiers.JSR223PreProcessor.process(JSR223PreProcessor.java:45) [ApacheJMeter_components.jar:5.6.3]
	at org.apache.jmeter.threads.JMeterThread.runPreProcessors(JMeterThread.java:983) [ApacheJMeter_core.jar:5.6.3]
	at org.apache.jmeter.threads.JMeterThread.executeSamplePackage(JMeterThread.java:561) [ApacheJMeter_core.jar:5.6.3]
	at org.apache.jmeter.threads.JMeterThread.processSampler(JMeterThread.java:501) [ApacheJMeter_core.jar:5.6.3]
	at org.apache.jmeter.threads.JMeterThread.run(JMeterThread.java:268) [ApacheJMeter_core.jar:5.6.3]
	at java.base/java.lang.Thread.run(Thread.java:840) [?:?]
Caused by: java.lang.IllegalStateException: LOADTESTLINK must contain both c= and e= parameters, got: https://order.smartone.com/jsp/smartpass/english/customer.jsp?tm=20260911_0859
	at java.base/jdk.internal.reflect.GeneratedConstructorAccessor47.newInstance(Unknown Source) ~[?:?]
	at java.base/jdk.internal.reflect.DelegatingConstructorAccessorImpl.newInstance(DelegatingConstructorAccessorImpl.java:45) ~[?:?]
	at java.base/java.lang.reflect.Constructor.newInstanceWithCaller(Constructor.java:500) ~[?:?]
	at java.base/java.lang.reflect.Constructor.newInstance(Constructor.java:481) ~[?:?]
	at org.codehaus.groovy.reflection.CachedConstructor.invoke(CachedConstructor.java:72) ~[groovy-3.0.20.jar:3.0.20]
	at org.codehaus.groovy.runtime.callsite.ConstructorSite$ConstructorSiteNoUnwrapNoCoerce.callConstructor(ConstructorSite.java:105) ~[groovy-3.0.20.jar:3.0.20]
	at org.codehaus.groovy.runtime.callsite.AbstractCallSite.callConstructor(AbstractCallSite.java:277) ~[groovy-3.0.20.jar:3.0.20]
	at Script1.run(Script1.groovy:12) ~[?:?]
	at org.codehaus.groovy.jsr223.GroovyScriptEngineImpl.eval(GroovyScriptEngineImpl.java:317) ~[groovy-jsr223-3.0.20.jar:3.0.20]
	... 9 more
2026-09-10 03:12:10,248 ERROR o.a.j.m.JSR223PreProcessor: Problem in JSR223 script, Extracting Test Variables
javax.script.ScriptException: java.lang.IllegalStateException: LOADTESTLINK must contain both c= and e= parameters, got: https://order.smartone.com/jsp/smartpass/english/customer.jsp?tm=20260911_0859
	at org.codehaus.groovy.jsr223.GroovyScriptEngineImpl.eval(GroovyScriptEngineImpl.java:320) ~[groovy-jsr223-3.0.20.jar:3.0.20]
	at org.codehaus.groovy.jsr223.GroovyCompiledScript.eval(GroovyCompiledScript.java:71) ~[groovy-jsr223-3.0.20.jar:3.0.20]
	at java.scripting/javax.script.CompiledScript.eval(CompiledScript.java:93) ~[java.scripting:?]
	at org.apache.jmeter.util.JSR223TestElement.processFileOrScript(JSR223TestElement.java:230) ~[ApacheJMeter_core.jar:5.6.3]
	at org.apache.jmeter.modifiers.JSR223PreProcessor.process(JSR223PreProcessor.java:45) [ApacheJMeter_components.jar:5.6.3]
	at org.apache.jmeter.threads.JMeterThread.runPreProcessors(JMeterThread.java:983) [ApacheJMeter_core.jar:5.6.3]
	at org.apache.jmeter.threads.JMeterThread.executeSamplePackage(JMeterThread.java:561) [ApacheJMeter_core.jar:5.6.3]
	at org.apache.jmeter.threads.JMeterThread.processSampler(JMeterThread.java:501) [ApacheJMeter_core.jar:5.6.3]
	at org.apache.jmeter.threads.JMeterThread.run(JMeterThread.java:268) [ApacheJMeter_core.jar:5.6.3]
	at java.base/java.lang.Thread.run(Thread.java:840) [?:?]
Caused by: java.lang.IllegalStateException: LOADTESTLINK must contain both c= and e= parameters, got: https://order.smartone.com/jsp/smartpass/english/customer.jsp?tm=20260911_0859
	at java.base/jdk.internal.reflect.GeneratedConstructorAccessor47.newInstance(Unknown Source) ~[?:?]
	at java.base/jdk.internal.reflect.DelegatingConstructorAccessorImpl.newInstance(DelegatingConstructorAccessorImpl.java:45) ~[?:?]
	at java.base/java.lang.reflect.Constructor.newInstanceWithCaller(Constructor.java:500) ~[?:?]
	at java.base/java.lang.reflect.Constructor.newInstance(Constructor.java:481) ~[?:?]
	at org.codehaus.groovy.reflection.CachedConstructor.invoke(CachedConstructor.java:72) ~[groovy-3.0.20.jar:3.0.20]
	at org.codehaus.groovy.runtime.callsite.ConstructorSite$ConstructorSiteNoUnwrapNoCoerce.callConstructor(ConstructorSite.java:105) ~[groovy-3.0.20.jar:3.0.20]
	at org.codehaus.groovy.runtime.callsite.AbstractCallSite.callConstructor(AbstractCallSite.java:277) ~[groovy-3.0.20.jar:3.0.20]
	at Script1.run(Script1.groovy:12) ~[?:?]
	at org.codehaus.groovy.jsr223.GroovyScriptEngineImpl.eval(GroovyScriptEngineImpl.java:317) ~[groovy-jsr223-3.0.20.jar:3.0.20]
	... 9 more
2026-09-10 03:12:10,251 ERROR o.a.j.m.JSR223PreProcessor: Problem in JSR223 script, Extracting Test Variables
javax.script.ScriptException: java.lang.IllegalStateException: LOADTESTLINK must contain both c= and e= parameters, got: https://order.smartone.com/jsp/smartpass/english/customer.jsp?tm=20260911_0859
	at org.codehaus.groovy.jsr223.GroovyScriptEngineImpl.eval(GroovyScriptEngineImpl.java:320) ~[groovy-jsr223-3.0.20.jar:3.0.20]
	at org.codehaus.groovy.jsr223.GroovyCompiledScript.eval(GroovyCompiledScript.java:71) ~[groovy-jsr223-3.0.20.jar:3.0.20]
	at java.scripting/javax.script.CompiledScript.eval(CompiledScript.java:93) ~[java.scripting:?]
	at org.apache.jmeter.util.JSR223TestElement.processFileOrScript(JSR223TestElement.java:230) ~[ApacheJMeter_core.jar:5.6.3]
	at org.apache.jmeter.modifiers.JSR223PreProcessor.process(JSR223PreProcessor.java:45) [ApacheJMeter_components.jar:5.6.3]
	at org.apache.jmeter.threads.JMeterThread.runPreProcessors(JMeterThread.java:983) [ApacheJMeter_core.jar:5.6.3]
	at org.apache.jmeter.threads.JMeterThread.executeSamplePackage(JMeterThread.java:561) [ApacheJMeter_core.jar:5.6.3]
	at org.apache.jmeter.threads.JMeterThread.processSampler(JMeterThread.java:501) [ApacheJMeter_core.jar:5.6.3]
	at org.apache.jmeter.threads.JMeterThread.run(JMeterThread.java:268) [ApacheJMeter_core.jar:5.6.3]
	at java.base/java.lang.Thread.run(Thread.java:840) [?:?]
Caused by: java.lang.IllegalStateException: LOADTESTLINK must contain both c= and e= parameters, got: https://order.smartone.com/jsp/smartpass/english/customer.jsp?tm=20260911_0859
	at java.base/jdk.internal.reflect.GeneratedConstructorAccessor47.newInstance(Unknown Source) ~[?:?]
	at java.base/jdk.internal.reflect.DelegatingConstructorAccessorImpl.newInstance(DelegatingConstructorAccessorImpl.java:45) ~[?:?]
	at java.base/java.lang.reflect.Constructor.newInstanceWithCaller(Constructor.java:500) ~[?:?]
	at java.base/java.lang.reflect.Constructor.newInstance(Constructor.java:481) ~[?:?]
	at org.codehaus.groovy.reflection.CachedConstructor.invoke(CachedConstructor.java:72) ~[groovy-3.0.20.jar:3.0.20]
	at org.codehaus.groovy.runtime.callsite.ConstructorSite$ConstructorSiteNoUnwrapNoCoerce.callConstructor(ConstructorSite.java:105) ~[groovy-3.0.20.jar:3.0.20]
	at org.codehaus.groovy.runtime.callsite.AbstractCallSite.callConstructor(AbstractCallSite.java:277) ~[groovy-3.0.20.jar:3.0.20]
	at Script1.run(Script1.groovy:12) ~[?:?]
	at org.codehaus.groovy.jsr223.GroovyScriptEngineImpl.eval(GroovyScriptEngineImpl.java:317) ~[groovy-jsr223-3.0.20.jar:3.0.20]
	... 9 more
2026-09-10 03:12:10,252 ERROR o.a.j.m.JSR223PreProcessor: Problem in JSR223 script, Extracting Test Variables
javax.script.ScriptException: java.lang.IllegalStateException: LOADTESTLINK must contain both c= and e= parameters, got: https://order.smartone.com/jsp/smartpass/english/customer.jsp?tm=20260911_0859
	at org.codehaus.groovy.jsr223.GroovyScriptEngineImpl.eval(GroovyScriptEngineImpl.java:320) ~[groovy-jsr223-3.0.20.jar:3.0.20]
	at org.codehaus.groovy.jsr223.GroovyCompiledScript.eval(GroovyCompiledScript.java:71) ~[groovy-jsr223-3.0.20.jar:3.0.20]
	at java.scripting/javax.script.CompiledScript.eval(CompiledScript.java:93) ~[java.scripting:?]
	at org.apache.jmeter.util.JSR223TestElement.processFileOrScript(JSR223TestElement.java:230) ~[ApacheJMeter_core.jar:5.6.3]
	at org.apache.jmeter.modifiers.JSR223PreProcessor.process(JSR223PreProcessor.java:45) [ApacheJMeter_components.jar:5.6.3]
	at org.apache.jmeter.threads.JMeterThread.runPreProcessors(JMeterThread.java:983) [ApacheJMeter_core.jar:5.6.3]
	at org.apache.jmeter.threads.JMeterThread.executeSamplePackage(JMeterThread.java:561) [ApacheJMeter_core.jar:5.6.3]
	at org.apache.jmeter.threads.JMeterThread.processSampler(JMeterThread.java:501) [ApacheJMeter_core.jar:5.6.3]
	at org.apache.jmeter.threads.JMeterThread.run(JMeterThread.java:268) [ApacheJMeter_core.jar:5.6.3]
	at java.base/java.lang.Thread.run(Thread.java:840) [?:?]
Caused by: java.lang.IllegalStateException: LOADTESTLINK must contain both c= and e= parameters, got: https://order.smartone.com/jsp/smartpass/english/customer.jsp?tm=20260911_0859
	at java.base/jdk.internal.reflect.GeneratedConstructorAccessor47.newInstance(Unknown Source) ~[?:?]
	at java.base/jdk.internal.reflect.DelegatingConstructorAccessorImpl.newInstance(DelegatingConstructorAccessorImpl.java:45) ~[?:?]
	at java.base/java.lang.reflect.Constructor.newInstanceWithCaller(Constructor.java:500) ~[?:?]
	at java.base/java.lang.reflect.Constructor.newInstance(Constructor.java:481) ~[?:?]
	at org.codehaus.groovy.reflection.CachedConstructor.invoke(CachedConstructor.java:72) ~[groovy-3.0.20.jar:3.0.20]
	at org.codehaus.groovy.runtime.callsite.ConstructorSite$ConstructorSiteNoUnwrapNoCoerce.callConstructor(ConstructorSite.java:105) ~[groovy-3.0.20.jar:3.0.20]
	at org.codehaus.groovy.runtime.callsite.AbstractCallSite.callConstructor(AbstractCallSite.java:277) ~[groovy-3.0.20.jar:3.0.20]
	at Script1.run(Script1.groovy:12) ~[?:?]
	at org.codehaus.groovy.jsr223.GroovyScriptEngineImpl.eval(GroovyScriptEngineImpl.java:317) ~[groovy-jsr223-3.0.20.jar:3.0.20]
	... 9 more
2026-09-10 03:12:10,253 INFO o.a.j.s.TestAction: Stopping current thread from element Stop Test
2026-09-10 03:12:10,253 INFO o.a.j.t.JMeterThread: Stopping: Normal Flow Group 1-10
2026-09-10 03:12:10,253 INFO o.a.j.t.JMeterThread: Thread finished: Normal Flow Group 1-10
2026-09-10 03:12:11,714 INFO o.a.j.t.JMeterThread: Thread started: Normal Flow Group 1-11
2026-09-10 03:12:11,715 ERROR o.a.j.m.JSR223PreProcessor: Problem in JSR223 script, Extracting Test Variables
javax.script.ScriptException: java.lang.IllegalStateException: LOADTESTLINK must contain both c= and e= parameters, got: https://order.smartone.com/jsp/smartpass/english/customer.jsp?tm=20260911_0859
	at org.codehaus.groovy.jsr223.GroovyScriptEngineImpl.eval(GroovyScriptEngineImpl.java:320) ~[groovy-jsr223-3.0.20.jar:3.0.20]
	at org.codehaus.groovy.jsr223.GroovyCompiledScript.eval(GroovyCompiledScript.java:71) ~[groovy-jsr223-3.0.20.jar:3.0.20]
	at java.scripting/javax.script.CompiledScript.eval(CompiledScript.java:93) ~[java.scripting:?]
	at org.apache.jmeter.util.JSR223TestElement.processFileOrScript(JSR223TestElement.java:230) ~[ApacheJMeter_core.jar:5.6.3]
	at org.apache.jmeter.modifiers.JSR223PreProcessor.process(JSR223PreProcessor.java:45) [ApacheJMeter_components.jar:5.6.3]
	at org.apache.jmeter.threads.JMeterThread.runPreProcessors(JMeterThread.java:983) [ApacheJMeter_core.jar:5.6.3]
	at org.apache.jmeter.threads.JMeterThread.executeSamplePackage(JMeterThread.java:561) [ApacheJMeter_core.jar:5.6.3]
	at org.apache.jmeter.threads.JMeterThread.processSampler(JMeterThread.java:501) [ApacheJMeter_core.jar:5.6.3]
	at org.apache.jmeter.threads.JMeterThread.run(JMeterThread.java:268) [ApacheJMeter_core.jar:5.6.3]
	at java.base/java.lang.Thread.run(Thread.java:840) [?:?]
Caused by: java.lang.IllegalStateException: LOADTESTLINK must contain both c= and e= parameters, got: https://order.smartone.com/jsp/smartpass/english/customer.jsp?tm=20260911_0859
	at java.base/jdk.internal.reflect.GeneratedConstructorAccessor47.newInstance(Unknown Source) ~[?:?]
	at java.base/jdk.internal.reflect.DelegatingConstructorAccessorImpl.newInstance(DelegatingConstructorAccessorImpl.java:45) ~[?:?]
	at java.base/java.lang.reflect.Constructor.newInstanceWithCaller(Constructor.java:500) ~[?:?]
	at java.base/java.lang.reflect.Constructor.newInstance(Constructor.java:481) ~[?:?]
	at org.codehaus.groovy.reflection.CachedConstructor.invoke(CachedConstructor.java:72) ~[groovy-3.0.20.jar:3.0.20]
	at org.codehaus.groovy.runtime.callsite.ConstructorSite$ConstructorSiteNoUnwrapNoCoerce.callConstructor(ConstructorSite.java:105) ~[groovy-3.0.20.jar:3.0.20]
	at org.codehaus.groovy.runtime.callsite.AbstractCallSite.callConstructor(AbstractCallSite.java:277) ~[groovy-3.0.20.jar:3.0.20]
	at Script1.run(Script1.groovy:12) ~[?:?]
	at org.codehaus.groovy.jsr223.GroovyScriptEngineImpl.eval(GroovyScriptEngineImpl.java:317) ~[groovy-jsr223-3.0.20.jar:3.0.20]
	... 9 more
2026-09-10 03:12:11,742 ERROR o.a.j.m.JSR223PreProcessor: Problem in JSR223 script, Extracting Test Variables
javax.script.ScriptException: java.lang.IllegalStateException: LOADTESTLINK must contain both c= and e= parameters, got: https://order.smartone.com/jsp/smartpass/english/customer.jsp?tm=20260911_0859
	at org.codehaus.groovy.jsr223.GroovyScriptEngineImpl.eval(GroovyScriptEngineImpl.java:320) ~[groovy-jsr223-3.0.20.jar:3.0.20]
	at org.codehaus.groovy.jsr223.GroovyCompiledScript.eval(GroovyCompiledScript.java:71) ~[groovy-jsr223-3.0.20.jar:3.0.20]
	at java.scripting/javax.script.CompiledScript.eval(CompiledScript.java:93) ~[java.scripting:?]
	at org.apache.jmeter.util.JSR223TestElement.processFileOrScript(JSR223TestElement.java:230) ~[ApacheJMeter_core.jar:5.6.3]
	at org.apache.jmeter.modifiers.JSR223PreProcessor.process(JSR223PreProcessor.java:45) [ApacheJMeter_components.jar:5.6.3]
	at org.apache.jmeter.threads.JMeterThread.runPreProcessors(JMeterThread.java:983) [ApacheJMeter_core.jar:5.6.3]
	at org.apache.jmeter.threads.JMeterThread.executeSamplePackage(JMeterThread.java:561) [ApacheJMeter_core.jar:5.6.3]
	at org.apache.jmeter.threads.JMeterThread.processSampler(JMeterThread.java:501) [ApacheJMeter_core.jar:5.6.3]
	at org.apache.jmeter.threads.JMeterThread.run(JMeterThread.java:268) [ApacheJMeter_core.jar:5.6.3]
	at java.base/java.lang.Thread.run(Thread.java:840) [?:?]
Caused by: java.lang.IllegalStateException: LOADTESTLINK must contain both c= and e= parameters, got: https://order.smartone.com/jsp/smartpass/english/customer.jsp?tm=20260911_0859
	at java.base/jdk.internal.reflect.GeneratedConstructorAccessor47.newInstance(Unknown Source) ~[?:?]
	at java.base/jdk.internal.reflect.DelegatingConstructorAccessorImpl.newInstance(DelegatingConstructorAccessorImpl.java:45) ~[?:?]
	at java.base/java.lang.reflect.Constructor.newInstanceWithCaller(Constructor.java:500) ~[?:?]
	at java.base/java.lang.reflect.Constructor.newInstance(Constructor.java:481) ~[?:?]
	at org.codehaus.groovy.reflection.CachedConstructor.invoke(CachedConstructor.java:72) ~[groovy-3.0.20.jar:3.0.20]
	at org.codehaus.groovy.runtime.callsite.ConstructorSite$ConstructorSiteNoUnwrapNoCoerce.callConstructor(ConstructorSite.java:105) ~[groovy-3.0.20.jar:3.0.20]
	at org.codehaus.groovy.runtime.callsite.AbstractCallSite.callConstructor(AbstractCallSite.java:277) ~[groovy-3.0.20.jar:3.0.20]
	at Script1.run(Script1.groovy:12) ~[?:?]
	at org.codehaus.groovy.jsr223.GroovyScriptEngineImpl.eval(GroovyScriptEngineImpl.java:317) ~[groovy-jsr223-3.0.20.jar:3.0.20]
	... 9 more
2026-09-10 03:12:11,745 ERROR o.a.j.m.JSR223PreProcessor: Problem in JSR223 script, Extracting Test Variables
javax.script.ScriptException: java.lang.IllegalStateException: LOADTESTLINK must contain both c= and e= parameters, got: https://order.smartone.com/jsp/smartpass/english/customer.jsp?tm=20260911_0859
	at org.codehaus.groovy.jsr223.GroovyScriptEngineImpl.eval(GroovyScriptEngineImpl.java:320) ~[groovy-jsr223-3.0.20.jar:3.0.20]
	at org.codehaus.groovy.jsr223.GroovyCompiledScript.eval(GroovyCompiledScript.java:71) ~[groovy-jsr223-3.0.20.jar:3.0.20]
	at java.scripting/javax.script.CompiledScript.eval(CompiledScript.java:93) ~[java.scripting:?]
	at org.apache.jmeter.util.JSR223TestElement.processFileOrScript(JSR223TestElement.java:230) ~[ApacheJMeter_core.jar:5.6.3]
	at org.apache.jmeter.modifiers.JSR223PreProcessor.process(JSR223PreProcessor.java:45) [ApacheJMeter_components.jar:5.6.3]
	at org.apache.jmeter.threads.JMeterThread.runPreProcessors(JMeterThread.java:983) [ApacheJMeter_core.jar:5.6.3]
	at org.apache.jmeter.threads.JMeterThread.executeSamplePackage(JMeterThread.java:561) [ApacheJMeter_core.jar:5.6.3]
	at org.apache.jmeter.threads.JMeterThread.processSampler(JMeterThread.java:501) [ApacheJMeter_core.jar:5.6.3]
	at org.apache.jmeter.threads.JMeterThread.run(JMeterThread.java:268) [ApacheJMeter_core.jar:5.6.3]
	at java.base/java.lang.Thread.run(Thread.java:840) [?:?]
Caused by: java.lang.IllegalStateException: LOADTESTLINK must contain both c= and e= parameters, got: https://order.smartone.com/jsp/smartpass/english/customer.jsp?tm=20260911_0859
	at java.base/jdk.internal.reflect.GeneratedConstructorAccessor47.newInstance(Unknown Source) ~[?:?]
	at java.base/jdk.internal.reflect.DelegatingConstructorAccessorImpl.newInstance(DelegatingConstructorAccessorImpl.java:45) ~[?:?]
	at java.base/java.lang.reflect.Constructor.newInstanceWithCaller(Constructor.java:500) ~[?:?]
	at java.base/java.lang.reflect.Constructor.newInstance(Constructor.java:481) ~[?:?]
	at org.codehaus.groovy.reflection.CachedConstructor.invoke(CachedConstructor.java:72) ~[groovy-3.0.20.jar:3.0.20]
	at org.codehaus.groovy.runtime.callsite.ConstructorSite$ConstructorSiteNoUnwrapNoCoerce.callConstructor(ConstructorSite.java:105) ~[groovy-3.0.20.jar:3.0.20]
	at org.codehaus.groovy.runtime.callsite.AbstractCallSite.callConstructor(AbstractCallSite.java:277) ~[groovy-3.0.20.jar:3.0.20]
	at Script1.run(Script1.groovy:12) ~[?:?]
	at org.codehaus.groovy.jsr223.GroovyScriptEngineImpl.eval(GroovyScriptEngineImpl.java:317) ~[groovy-jsr223-3.0.20.jar:3.0.20]
	... 9 more
2026-09-10 03:12:11,746 ERROR o.a.j.m.JSR223PreProcessor: Problem in JSR223 script, Extracting Test Variables
javax.script.ScriptException: java.lang.IllegalStateException: LOADTESTLINK must contain both c= and e= parameters, got: https://order.smartone.com/jsp/smartpass/english/customer.jsp?tm=20260911_0859
	at org.codehaus.groovy.jsr223.GroovyScriptEngineImpl.eval(GroovyScriptEngineImpl.java:320) ~[groovy-jsr223-3.0.20.jar:3.0.20]
	at org.codehaus.groovy.jsr223.GroovyCompiledScript.eval(GroovyCompiledScript.java:71) ~[groovy-jsr223-3.0.20.jar:3.0.20]
	at java.scripting/javax.script.CompiledScript.eval(CompiledScript.java:93) ~[java.scripting:?]
	at org.apache.jmeter.util.JSR223TestElement.processFileOrScript(JSR223TestElement.java:230) ~[ApacheJMeter_core.jar:5.6.3]
	at org.apache.jmeter.modifiers.JSR223PreProcessor.process(JSR223PreProcessor.java:45) [ApacheJMeter_components.jar:5.6.3]
	at org.apache.jmeter.threads.JMeterThread.runPreProcessors(JMeterThread.java:983) [ApacheJMeter_core.jar:5.6.3]
	at org.apache.jmeter.threads.JMeterThread.executeSamplePackage(JMeterThread.java:561) [ApacheJMeter_core.jar:5.6.3]
	at org.apache.jmeter.threads.JMeterThread.processSampler(JMeterThread.java:501) [ApacheJMeter_core.jar:5.6.3]
	at org.apache.jmeter.threads.JMeterThread.run(JMeterThread.java:268) [ApacheJMeter_core.jar:5.6.3]
	at java.base/java.lang.Thread.run(Thread.java:840) [?:?]
Caused by: java.lang.IllegalStateException: LOADTESTLINK must contain both c= and e= parameters, got: https://order.smartone.com/jsp/smartpass/english/customer.jsp?tm=20260911_0859
	at java.base/jdk.internal.reflect.GeneratedConstructorAccessor47.newInstance(Unknown Source) ~[?:?]
	at java.base/jdk.internal.reflect.DelegatingConstructorAccessorImpl.newInstance(DelegatingConstructorAccessorImpl.java:45) ~[?:?]
	at java.base/java.lang.reflect.Constructor.newInstanceWithCaller(Constructor.java:500) ~[?:?]
	at java.base/java.lang.reflect.Constructor.newInstance(Constructor.java:481) ~[?:?]
	at org.codehaus.groovy.reflection.CachedConstructor.invoke(CachedConstructor.java:72) ~[groovy-3.0.20.jar:3.0.20]
	at org.codehaus.groovy.runtime.callsite.ConstructorSite$ConstructorSiteNoUnwrapNoCoerce.callConstructor(ConstructorSite.java:105) ~[groovy-3.0.20.jar:3.0.20]
	at org.codehaus.groovy.runtime.callsite.AbstractCallSite.callConstructor(AbstractCallSite.java:277) ~[groovy-3.0.20.jar:3.0.20]
	at Script1.run(Script1.groovy:12) ~[?:?]
	at org.codehaus.groovy.jsr223.GroovyScriptEngineImpl.eval(GroovyScriptEngineImpl.java:317) ~[groovy-jsr223-3.0.20.jar:3.0.20]
	... 9 more
2026-09-10 03:12:11,747 INFO o.a.j.s.TestAction: Stopping current thread from element Stop Test
2026-09-10 03:12:11,747 INFO o.a.j.t.JMeterThread: Stopping: Normal Flow Group 1-11
2026-09-10 03:12:11,747 INFO o.a.j.t.JMeterThread: Thread finished: Normal Flow Group 1-11
2026-09-10 03:12:13,218 INFO o.a.j.t.JMeterThread: Thread started: Normal Flow Group 1-12
2026-09-10 03:12:13,220 ERROR o.a.j.m.JSR223PreProcessor: Problem in JSR223 script, Extracting Test Variables
javax.script.ScriptException: java.lang.IllegalStateException: LOADTESTLINK must contain both c= and e= parameters, got: https://order.smartone.com/jsp/smartpass/english/customer.jsp?tm=20260911_0859
	at org.codehaus.groovy.jsr223.GroovyScriptEngineImpl.eval(GroovyScriptEngineImpl.java:320) ~[groovy-jsr223-3.0.20.jar:3.0.20]
	at org.codehaus.groovy.jsr223.GroovyCompiledScript.eval(GroovyCompiledScript.java:71) ~[groovy-jsr223-3.0.20.jar:3.0.20]
	at java.scripting/javax.script.CompiledScript.eval(CompiledScript.java:93) ~[java.scripting:?]
	at org.apache.jmeter.util.JSR223TestElement.processFileOrScript(JSR223TestElement.java:230) ~[ApacheJMeter_core.jar:5.6.3]
	at org.apache.jmeter.modifiers.JSR223PreProcessor.process(JSR223PreProcessor.java:45) [ApacheJMeter_components.jar:5.6.3]
	at org.apache.jmeter.threads.JMeterThread.runPreProcessors(JMeterThread.java:983) [ApacheJMeter_core.jar:5.6.3]
	at org.apache.jmeter.threads.JMeterThread.executeSamplePackage(JMeterThread.java:561) [ApacheJMeter_core.jar:5.6.3]
	at org.apache.jmeter.threads.JMeterThread.processSampler(JMeterThread.java:501) [ApacheJMeter_core.jar:5.6.3]
	at org.apache.jmeter.threads.JMeterThread.run(JMeterThread.java:268) [ApacheJMeter_core.jar:5.6.3]
	at java.base/java.lang.Thread.run(Thread.java:840) [?:?]
Caused by: java.lang.IllegalStateException: LOADTESTLINK must contain both c= and e= parameters, got: https://order.smartone.com/jsp/smartpass/english/customer.jsp?tm=20260911_0859
	at java.base/jdk.internal.reflect.GeneratedConstructorAccessor47.newInstance(Unknown Source) ~[?:?]
	at java.base/jdk.internal.reflect.DelegatingConstructorAccessorImpl.newInstance(DelegatingConstructorAccessorImpl.java:45) ~[?:?]
	at java.base/java.lang.reflect.Constructor.newInstanceWithCaller(Constructor.java:500) ~[?:?]
	at java.base/java.lang.reflect.Constructor.newInstance(Constructor.java:481) ~[?:?]
	at org.codehaus.groovy.reflection.CachedConstructor.invoke(CachedConstructor.java:72) ~[groovy-3.0.20.jar:3.0.20]
	at org.codehaus.groovy.runtime.callsite.ConstructorSite$ConstructorSiteNoUnwrapNoCoerce.callConstructor(ConstructorSite.java:105) ~[groovy-3.0.20.jar:3.0.20]
	at org.codehaus.groovy.runtime.callsite.AbstractCallSite.callConstructor(AbstractCallSite.java:277) ~[groovy-3.0.20.jar:3.0.20]
	at Script1.run(Script1.groovy:12) ~[?:?]
	at org.codehaus.groovy.jsr223.GroovyScriptEngineImpl.eval(GroovyScriptEngineImpl.java:317) ~[groovy-jsr223-3.0.20.jar:3.0.20]
	... 9 more
2026-09-10 03:12:13,243 ERROR o.a.j.m.JSR223PreProcessor: Problem in JSR223 script, Extracting Test Variables
javax.script.ScriptException: java.lang.IllegalStateException: LOADTESTLINK must contain both c= and e= parameters, got: https://order.smartone.com/jsp/smartpass/english/customer.jsp?tm=20260911_0859
	at org.codehaus.groovy.jsr223.GroovyScriptEngineImpl.eval(GroovyScriptEngineImpl.java:320) ~[groovy-jsr223-3.0.20.jar:3.0.20]
	at org.codehaus.groovy.jsr223.GroovyCompiledScript.eval(GroovyCompiledScript.java:71) ~[groovy-jsr223-3.0.20.jar:3.0.20]
	at java.scripting/javax.script.CompiledScript.eval(CompiledScript.java:93) ~[java.scripting:?]
	at org.apache.jmeter.util.JSR223TestElement.processFileOrScript(JSR223TestElement.java:230) ~[ApacheJMeter_core.jar:5.6.3]
	at org.apache.jmeter.modifiers.JSR223PreProcessor.process(JSR223PreProcessor.java:45) [ApacheJMeter_components.jar:5.6.3]
	at org.apache.jmeter.threads.JMeterThread.runPreProcessors(JMeterThread.java:983) [ApacheJMeter_core.jar:5.6.3]
	at org.apache.jmeter.threads.JMeterThread.executeSamplePackage(JMeterThread.java:561) [ApacheJMeter_core.jar:5.6.3]
	at org.apache.jmeter.threads.JMeterThread.processSampler(JMeterThread.java:501) [ApacheJMeter_core.jar:5.6.3]
	at org.apache.jmeter.threads.JMeterThread.run(JMeterThread.java:268) [ApacheJMeter_core.jar:5.6.3]
	at java.base/java.lang.Thread.run(Thread.java:840) [?:?]
Caused by: java.lang.IllegalStateException: LOADTESTLINK must contain both c= and e= parameters, got: https://order.smartone.com/jsp/smartpass/english/customer.jsp?tm=20260911_0859
	at java.base/jdk.internal.reflect.GeneratedConstructorAccessor47.newInstance(Unknown Source) ~[?:?]
	at java.base/jdk.internal.reflect.DelegatingConstructorAccessorImpl.newInstance(DelegatingConstructorAccessorImpl.java:45) ~[?:?]
	at java.base/java.lang.reflect.Constructor.newInstanceWithCaller(Constructor.java:500) ~[?:?]
	at java.base/java.lang.reflect.Constructor.newInstance(Constructor.java:481) ~[?:?]
	at org.codehaus.groovy.reflection.CachedConstructor.invoke(CachedConstructor.java:72) ~[groovy-3.0.20.jar:3.0.20]
	at org.codehaus.groovy.runtime.callsite.ConstructorSite$ConstructorSiteNoUnwrapNoCoerce.callConstructor(ConstructorSite.java:105) ~[groovy-3.0.20.jar:3.0.20]
	at org.codehaus.groovy.runtime.callsite.AbstractCallSite.callConstructor(AbstractCallSite.java:277) ~[groovy-3.0.20.jar:3.0.20]
	at Script1.run(Script1.groovy:12) ~[?:?]
	at org.codehaus.groovy.jsr223.GroovyScriptEngineImpl.eval(GroovyScriptEngineImpl.java:317) ~[groovy-jsr223-3.0.20.jar:3.0.20]
	... 9 more
2026-09-10 03:12:13,246 ERROR o.a.j.m.JSR223PreProcessor: Problem in JSR223 script, Extracting Test Variables
javax.script.ScriptException: java.lang.IllegalStateException: LOADTESTLINK must contain both c= and e= parameters, got: https://order.smartone.com/jsp/smartpass/english/customer.jsp?tm=20260911_0859
	at org.codehaus.groovy.jsr223.GroovyScriptEngineImpl.eval(GroovyScriptEngineImpl.java:320) ~[groovy-jsr223-3.0.20.jar:3.0.20]
	at org.codehaus.groovy.jsr223.GroovyCompiledScript.eval(GroovyCompiledScript.java:71) ~[groovy-jsr223-3.0.20.jar:3.0.20]
	at java.scripting/javax.script.CompiledScript.eval(CompiledScript.java:93) ~[java.scripting:?]
	at org.apache.jmeter.util.JSR223TestElement.processFileOrScript(JSR223TestElement.java:230) ~[ApacheJMeter_core.jar:5.6.3]
	at org.apache.jmeter.modifiers.JSR223PreProcessor.process(JSR223PreProcessor.java:45) [ApacheJMeter_components.jar:5.6.3]
	at org.apache.jmeter.threads.JMeterThread.runPreProcessors(JMeterThread.java:983) [ApacheJMeter_core.jar:5.6.3]
	at org.apache.jmeter.threads.JMeterThread.executeSamplePackage(JMeterThread.java:561) [ApacheJMeter_core.jar:5.6.3]
	at org.apache.jmeter.threads.JMeterThread.processSampler(JMeterThread.java:501) [ApacheJMeter_core.jar:5.6.3]
	at org.apache.jmeter.threads.JMeterThread.run(JMeterThread.java:268) [ApacheJMeter_core.jar:5.6.3]
	at java.base/java.lang.Thread.run(Thread.java:840) [?:?]
Caused by: java.lang.IllegalStateException: LOADTESTLINK must contain both c= and e= parameters, got: https://order.smartone.com/jsp/smartpass/english/customer.jsp?tm=20260911_0859
	at java.base/jdk.internal.reflect.GeneratedConstructorAccessor47.newInstance(Unknown Source) ~[?:?]
	at java.base/jdk.internal.reflect.DelegatingConstructorAccessorImpl.newInstance(DelegatingConstructorAccessorImpl.java:45) ~[?:?]
	at java.base/java.lang.reflect.Constructor.newInstanceWithCaller(Constructor.java:500) ~[?:?]
	at java.base/java.lang.reflect.Constructor.newInstance(Constructor.java:481) ~[?:?]
	at org.codehaus.groovy.reflection.CachedConstructor.invoke(CachedConstructor.java:72) ~[groovy-3.0.20.jar:3.0.20]
	at org.codehaus.groovy.runtime.callsite.ConstructorSite$ConstructorSiteNoUnwrapNoCoerce.callConstructor(ConstructorSite.java:105) ~[groovy-3.0.20.jar:3.0.20]
	at org.codehaus.groovy.runtime.callsite.AbstractCallSite.callConstructor(AbstractCallSite.java:277) ~[groovy-3.0.20.jar:3.0.20]
	at Script1.run(Script1.groovy:12) ~[?:?]
	at org.codehaus.groovy.jsr223.GroovyScriptEngineImpl.eval(GroovyScriptEngineImpl.java:317) ~[groovy-jsr223-3.0.20.jar:3.0.20]
	... 9 more
2026-09-10 03:12:13,247 ERROR o.a.j.m.JSR223PreProcessor: Problem in JSR223 script, Extracting Test Variables
javax.script.ScriptException: java.lang.IllegalStateException: LOADTESTLINK must contain both c= and e= parameters, got: https://order.smartone.com/jsp/smartpass/english/customer.jsp?tm=20260911_0859
	at org.codehaus.groovy.jsr223.GroovyScriptEngineImpl.eval(GroovyScriptEngineImpl.java:320) ~[groovy-jsr223-3.0.20.jar:3.0.20]
	at org.codehaus.groovy.jsr223.GroovyCompiledScript.eval(GroovyCompiledScript.java:71) ~[groovy-jsr223-3.0.20.jar:3.0.20]
	at java.scripting/javax.script.CompiledScript.eval(CompiledScript.java:93) ~[java.scripting:?]
	at org.apache.jmeter.util.JSR223TestElement.processFileOrScript(JSR223TestElement.java:230) ~[ApacheJMeter_core.jar:5.6.3]
	at org.apache.jmeter.modifiers.JSR223PreProcessor.process(JSR223PreProcessor.java:45) [ApacheJMeter_components.jar:5.6.3]
	at org.apache.jmeter.threads.JMeterThread.runPreProcessors(JMeterThread.java:983) [ApacheJMeter_core.jar:5.6.3]
	at org.apache.jmeter.threads.JMeterThread.executeSamplePackage(JMeterThread.java:561) [ApacheJMeter_core.jar:5.6.3]
	at org.apache.jmeter.threads.JMeterThread.processSampler(JMeterThread.java:501) [ApacheJMeter_core.jar:5.6.3]
	at org.apache.jmeter.threads.JMeterThread.run(JMeterThread.java:268) [ApacheJMeter_core.jar:5.6.3]
	at java.base/java.lang.Thread.run(Thread.java:840) [?:?]
Caused by: java.lang.IllegalStateException: LOADTESTLINK must contain both c= and e= parameters, got: https://order.smartone.com/jsp/smartpass/english/customer.jsp?tm=20260911_0859
	at java.base/jdk.internal.reflect.GeneratedConstructorAccessor47.newInstance(Unknown Source) ~[?:?]
	at java.base/jdk.internal.reflect.DelegatingConstructorAccessorImpl.newInstance(DelegatingConstructorAccessorImpl.java:45) ~[?:?]
	at java.base/java.lang.reflect.Constructor.newInstanceWithCaller(Constructor.java:500) ~[?:?]
	at java.base/java.lang.reflect.Constructor.newInstance(Constructor.java:481) ~[?:?]
	at org.codehaus.groovy.reflection.CachedConstructor.invoke(CachedConstructor.java:72) ~[groovy-3.0.20.jar:3.0.20]
	at org.codehaus.groovy.runtime.callsite.ConstructorSite$ConstructorSiteNoUnwrapNoCoerce.callConstructor(ConstructorSite.java:105) ~[groovy-3.0.20.jar:3.0.20]
	at org.codehaus.groovy.runtime.callsite.AbstractCallSite.callConstructor(AbstractCallSite.java:277) ~[groovy-3.0.20.jar:3.0.20]
	at Script1.run(Script1.groovy:12) ~[?:?]
	at org.codehaus.groovy.jsr223.GroovyScriptEngineImpl.eval(GroovyScriptEngineImpl.java:317) ~[groovy-jsr223-3.0.20.jar:3.0.20]
	... 9 more
2026-09-10 03:12:13,247 INFO o.a.j.s.TestAction: Stopping current thread from element Stop Test
2026-09-10 03:12:13,247 INFO o.a.j.t.JMeterThread: Stopping: Normal Flow Group 1-12
2026-09-10 03:12:13,248 INFO o.a.j.t.JMeterThread: Thread finished: Normal Flow Group 1-12
2026-09-10 03:12:14,713 INFO o.a.j.t.JMeterThread: Thread started: Normal Flow Group 1-13
2026-09-10 03:12:14,714 ERROR o.a.j.m.JSR223PreProcessor: Problem in JSR223 script, Extracting Test Variables
javax.script.ScriptException: java.lang.IllegalStateException: LOADTESTLINK must contain both c= and e= parameters, got: https://order.smartone.com/jsp/smartpass/english/customer.jsp?tm=20260911_0859
	at org.codehaus.groovy.jsr223.GroovyScriptEngineImpl.eval(GroovyScriptEngineImpl.java:320) ~[groovy-jsr223-3.0.20.jar:3.0.20]
	at org.codehaus.groovy.jsr223.GroovyCompiledScript.eval(GroovyCompiledScript.java:71) ~[groovy-jsr223-3.0.20.jar:3.0.20]
	at java.scripting/javax.script.CompiledScript.eval(CompiledScript.java:93) ~[java.scripting:?]
	at org.apache.jmeter.util.JSR223TestElement.processFileOrScript(JSR223TestElement.java:230) ~[ApacheJMeter_core.jar:5.6.3]
	at org.apache.jmeter.modifiers.JSR223PreProcessor.process(JSR223PreProcessor.java:45) [ApacheJMeter_components.jar:5.6.3]
	at org.apache.jmeter.threads.JMeterThread.runPreProcessors(JMeterThread.java:983) [ApacheJMeter_core.jar:5.6.3]
	at org.apache.jmeter.threads.JMeterThread.executeSamplePackage(JMeterThread.java:561) [ApacheJMeter_core.jar:5.6.3]
	at org.apache.jmeter.threads.JMeterThread.processSampler(JMeterThread.java:501) [ApacheJMeter_core.jar:5.6.3]
	at org.apache.jmeter.threads.JMeterThread.run(JMeterThread.java:268) [ApacheJMeter_core.jar:5.6.3]
	at java.base/java.lang.Thread.run(Thread.java:840) [?:?]
Caused by: java.lang.IllegalStateException: LOADTESTLINK must contain both c= and e= parameters, got: https://order.smartone.com/jsp/smartpass/english/customer.jsp?tm=20260911_0859
	at java.base/jdk.internal.reflect.GeneratedConstructorAccessor47.newInstance(Unknown Source) ~[?:?]
	at java.base/jdk.internal.reflect.DelegatingConstructorAccessorImpl.newInstance(DelegatingConstructorAccessorImpl.java:45) ~[?:?]
	at java.base/java.lang.reflect.Constructor.newInstanceWithCaller(Constructor.java:500) ~[?:?]
	at java.base/java.lang.reflect.Constructor.newInstance(Constructor.java:481) ~[?:?]
	at org.codehaus.groovy.reflection.CachedConstructor.invoke(CachedConstructor.java:72) ~[groovy-3.0.20.jar:3.0.20]
	at org.codehaus.groovy.runtime.callsite.ConstructorSite$ConstructorSiteNoUnwrapNoCoerce.callConstructor(ConstructorSite.java:105) ~[groovy-3.0.20.jar:3.0.20]
	at org.codehaus.groovy.runtime.callsite.AbstractCallSite.callConstructor(AbstractCallSite.java:277) ~[groovy-3.0.20.jar:3.0.20]
	at Script1.run(Script1.groovy:12) ~[?:?]
	at org.codehaus.groovy.jsr223.GroovyScriptEngineImpl.eval(GroovyScriptEngineImpl.java:317) ~[groovy-jsr223-3.0.20.jar:3.0.20]
	... 9 more
2026-09-10 03:12:14,763 ERROR o.a.j.m.JSR223PreProcessor: Problem in JSR223 script, Extracting Test Variables
javax.script.ScriptException: java.lang.IllegalStateException: LOADTESTLINK must contain both c= and e= parameters, got: https://order.smartone.com/jsp/smartpass/english/customer.jsp?tm=20260911_0859
	at org.codehaus.groovy.jsr223.GroovyScriptEngineImpl.eval(GroovyScriptEngineImpl.java:320) ~[groovy-jsr223-3.0.20.jar:3.0.20]
	at org.codehaus.groovy.jsr223.GroovyCompiledScript.eval(GroovyCompiledScript.java:71) ~[groovy-jsr223-3.0.20.jar:3.0.20]
	at java.scripting/javax.script.CompiledScript.eval(CompiledScript.java:93) ~[java.scripting:?]
	at org.apache.jmeter.util.JSR223TestElement.processFileOrScript(JSR223TestElement.java:230) ~[ApacheJMeter_core.jar:5.6.3]
	at org.apache.jmeter.modifiers.JSR223PreProcessor.process(JSR223PreProcessor.java:45) [ApacheJMeter_components.jar:5.6.3]
	at org.apache.jmeter.threads.JMeterThread.runPreProcessors(JMeterThread.java:983) [ApacheJMeter_core.jar:5.6.3]
	at org.apache.jmeter.threads.JMeterThread.executeSamplePackage(JMeterThread.java:561) [ApacheJMeter_core.jar:5.6.3]
	at org.apache.jmeter.threads.JMeterThread.processSampler(JMeterThread.java:501) [ApacheJMeter_core.jar:5.6.3]
	at org.apache.jmeter.threads.JMeterThread.run(JMeterThread.java:268) [ApacheJMeter_core.jar:5.6.3]
	at java.base/java.lang.Thread.run(Thread.java:840) [?:?]
Caused by: java.lang.IllegalStateException: LOADTESTLINK must contain both c= and e= parameters, got: https://order.smartone.com/jsp/smartpass/english/customer.jsp?tm=20260911_0859
	at java.base/jdk.internal.reflect.GeneratedConstructorAccessor47.newInstance(Unknown Source) ~[?:?]
	at java.base/jdk.internal.reflect.DelegatingConstructorAccessorImpl.newInstance(DelegatingConstructorAccessorImpl.java:45) ~[?:?]
	at java.base/java.lang.reflect.Constructor.newInstanceWithCaller(Constructor.java:500) ~[?:?]
	at java.base/java.lang.reflect.Constructor.newInstance(Constructor.java:481) ~[?:?]
	at org.codehaus.groovy.reflection.CachedConstructor.invoke(CachedConstructor.java:72) ~[groovy-3.0.20.jar:3.0.20]
	at org.codehaus.groovy.runtime.callsite.ConstructorSite$ConstructorSiteNoUnwrapNoCoerce.callConstructor(ConstructorSite.java:105) ~[groovy-3.0.20.jar:3.0.20]
	at org.codehaus.groovy.runtime.callsite.AbstractCallSite.callConstructor(AbstractCallSite.java:277) ~[groovy-3.0.20.jar:3.0.20]
	at Script1.run(Script1.groovy:12) ~[?:?]
	at org.codehaus.groovy.jsr223.GroovyScriptEngineImpl.eval(GroovyScriptEngineImpl.java:317) ~[groovy-jsr223-3.0.20.jar:3.0.20]
	... 9 more
2026-09-10 03:12:14,767 ERROR o.a.j.m.JSR223PreProcessor: Problem in JSR223 script, Extracting Test Variables
javax.script.ScriptException: java.lang.IllegalStateException: LOADTESTLINK must contain both c= and e= parameters, got: https://order.smartone.com/jsp/smartpass/english/customer.jsp?tm=20260911_0859
	at org.codehaus.groovy.jsr223.GroovyScriptEngineImpl.eval(GroovyScriptEngineImpl.java:320) ~[groovy-jsr223-3.0.20.jar:3.0.20]
	at org.codehaus.groovy.jsr223.GroovyCompiledScript.eval(GroovyCompiledScript.java:71) ~[groovy-jsr223-3.0.20.jar:3.0.20]
	at java.scripting/javax.script.CompiledScript.eval(CompiledScript.java:93) ~[java.scripting:?]
	at org.apache.jmeter.util.JSR223TestElement.processFileOrScript(JSR223TestElement.java:230) ~[ApacheJMeter_core.jar:5.6.3]
	at org.apache.jmeter.modifiers.JSR223PreProcessor.process(JSR223PreProcessor.java:45) [ApacheJMeter_components.jar:5.6.3]
	at org.apache.jmeter.threads.JMeterThread.runPreProcessors(JMeterThread.java:983) [ApacheJMeter_core.jar:5.6.3]
	at org.apache.jmeter.threads.JMeterThread.executeSamplePackage(JMeterThread.java:561) [ApacheJMeter_core.jar:5.6.3]
	at org.apache.jmeter.threads.JMeterThread.processSampler(JMeterThread.java:501) [ApacheJMeter_core.jar:5.6.3]
	at org.apache.jmeter.threads.JMeterThread.run(JMeterThread.java:268) [ApacheJMeter_core.jar:5.6.3]
	at java.base/java.lang.Thread.run(Thread.java:840) [?:?]
Caused by: java.lang.IllegalStateException: LOADTESTLINK must contain both c= and e= parameters, got: https://order.smartone.com/jsp/smartpass/english/customer.jsp?tm=20260911_0859
	at java.base/jdk.internal.reflect.GeneratedConstructorAccessor47.newInstance(Unknown Source) ~[?:?]
	at java.base/jdk.internal.reflect.DelegatingConstructorAccessorImpl.newInstance(DelegatingConstructorAccessorImpl.java:45) ~[?:?]
	at java.base/java.lang.reflect.Constructor.newInstanceWithCaller(Constructor.java:500) ~[?:?]
	at java.base/java.lang.reflect.Constructor.newInstance(Constructor.java:481) ~[?:?]
	at org.codehaus.groovy.reflection.CachedConstructor.invoke(CachedConstructor.java:72) ~[groovy-3.0.20.jar:3.0.20]
	at org.codehaus.groovy.runtime.callsite.ConstructorSite$ConstructorSiteNoUnwrapNoCoerce.callConstructor(ConstructorSite.java:105) ~[groovy-3.0.20.jar:3.0.20]
	at org.codehaus.groovy.runtime.callsite.AbstractCallSite.callConstructor(AbstractCallSite.java:277) ~[groovy-3.0.20.jar:3.0.20]
	at Script1.run(Script1.groovy:12) ~[?:?]
	at org.codehaus.groovy.jsr223.GroovyScriptEngineImpl.eval(GroovyScriptEngineImpl.java:317) ~[groovy-jsr223-3.0.20.jar:3.0.20]
	... 9 more
2026-09-10 03:12:14,769 ERROR o.a.j.m.JSR223PreProcessor: Problem in JSR223 script, Extracting Test Variables
javax.script.ScriptException: java.lang.IllegalStateException: LOADTESTLINK must contain both c= and e= parameters, got: https://order.smartone.com/jsp/smartpass/english/customer.jsp?tm=20260911_0859
	at org.codehaus.groovy.jsr223.GroovyScriptEngineImpl.eval(GroovyScriptEngineImpl.java:320) ~[groovy-jsr223-3.0.20.jar:3.0.20]
	at org.codehaus.groovy.jsr223.GroovyCompiledScript.eval(GroovyCompiledScript.java:71) ~[groovy-jsr223-3.0.20.jar:3.0.20]
	at java.scripting/javax.script.CompiledScript.eval(CompiledScript.java:93) ~[java.scripting:?]
	at org.apache.jmeter.util.JSR223TestElement.processFileOrScript(JSR223TestElement.java:230) ~[ApacheJMeter_core.jar:5.6.3]
	at org.apache.jmeter.modifiers.JSR223PreProcessor.process(JSR223PreProcessor.java:45) [ApacheJMeter_components.jar:5.6.3]
	at org.apache.jmeter.threads.JMeterThread.runPreProcessors(JMeterThread.java:983) [ApacheJMeter_core.jar:5.6.3]
	at org.apache.jmeter.threads.JMeterThread.executeSamplePackage(JMeterThread.java:561) [ApacheJMeter_core.jar:5.6.3]
	at org.apache.jmeter.threads.JMeterThread.processSampler(JMeterThread.java:501) [ApacheJMeter_core.jar:5.6.3]
	at org.apache.jmeter.threads.JMeterThread.run(JMeterThread.java:268) [ApacheJMeter_core.jar:5.6.3]
	at java.base/java.lang.Thread.run(Thread.java:840) [?:?]
Caused by: java.lang.IllegalStateException: LOADTESTLINK must contain both c= and e= parameters, got: https://order.smartone.com/jsp/smartpass/english/customer.jsp?tm=20260911_0859
	at java.base/jdk.internal.reflect.GeneratedConstructorAccessor47.newInstance(Unknown Source) ~[?:?]
	at java.base/jdk.internal.reflect.DelegatingConstructorAccessorImpl.newInstance(DelegatingConstructorAccessorImpl.java:45) ~[?:?]
	at java.base/java.lang.reflect.Constructor.newInstanceWithCaller(Constructor.java:500) ~[?:?]
	at java.base/java.lang.reflect.Constructor.newInstance(Constructor.java:481) ~[?:?]
	at org.codehaus.groovy.reflection.CachedConstructor.invoke(CachedConstructor.java:72) ~[groovy-3.0.20.jar:3.0.20]
	at org.codehaus.groovy.runtime.callsite.ConstructorSite$ConstructorSiteNoUnwrapNoCoerce.callConstructor(ConstructorSite.java:105) ~[groovy-3.0.20.jar:3.0.20]
	at org.codehaus.groovy.runtime.callsite.AbstractCallSite.callConstructor(AbstractCallSite.java:277) ~[groovy-3.0.20.jar:3.0.20]
	at Script1.run(Script1.groovy:12) ~[?:?]
	at org.codehaus.groovy.jsr223.GroovyScriptEngineImpl.eval(GroovyScriptEngineImpl.java:317) ~[groovy-jsr223-3.0.20.jar:3.0.20]
	... 9 more
2026-09-10 03:12:14,770 INFO o.a.j.s.TestAction: Stopping current thread from element Stop Test
2026-09-10 03:12:14,770 INFO o.a.j.t.JMeterThread: Stopping: Normal Flow Group 1-13
2026-09-10 03:12:14,770 INFO o.a.j.t.JMeterThread: Thread finished: Normal Flow Group 1-13
2026-09-10 03:12:16,216 INFO o.a.j.t.JMeterThread: Thread started: Normal Flow Group 1-14
2026-09-10 03:12:16,217 ERROR o.a.j.m.JSR223PreProcessor: Problem in JSR223 script, Extracting Test Variables
javax.script.ScriptException: java.lang.IllegalStateException: LOADTESTLINK must contain both c= and e= parameters, got: https://order.smartone.com/jsp/smartpass/english/customer.jsp?tm=20260911_0859
	at org.codehaus.groovy.jsr223.GroovyScriptEngineImpl.eval(GroovyScriptEngineImpl.java:320) ~[groovy-jsr223-3.0.20.jar:3.0.20]
	at org.codehaus.groovy.jsr223.GroovyCompiledScript.eval(GroovyCompiledScript.java:71) ~[groovy-jsr223-3.0.20.jar:3.0.20]
	at java.scripting/javax.script.CompiledScript.eval(CompiledScript.java:93) ~[java.scripting:?]
	at org.apache.jmeter.util.JSR223TestElement.processFileOrScript(JSR223TestElement.java:230) ~[ApacheJMeter_core.jar:5.6.3]
	at org.apache.jmeter.modifiers.JSR223PreProcessor.process(JSR223PreProcessor.java:45) [ApacheJMeter_components.jar:5.6.3]
	at org.apache.jmeter.threads.JMeterThread.runPreProcessors(JMeterThread.java:983) [ApacheJMeter_core.jar:5.6.3]
	at org.apache.jmeter.threads.JMeterThread.executeSamplePackage(JMeterThread.java:561) [ApacheJMeter_core.jar:5.6.3]
	at org.apache.jmeter.threads.JMeterThread.processSampler(JMeterThread.java:501) [ApacheJMeter_core.jar:5.6.3]
	at org.apache.jmeter.threads.JMeterThread.run(JMeterThread.java:268) [ApacheJMeter_core.jar:5.6.3]
	at java.base/java.lang.Thread.run(Thread.java:840) [?:?]
Caused by: java.lang.IllegalStateException: LOADTESTLINK must contain both c= and e= parameters, got: https://order.smartone.com/jsp/smartpass/english/customer.jsp?tm=20260911_0859
	at java.base/jdk.internal.reflect.GeneratedConstructorAccessor47.newInstance(Unknown Source) ~[?:?]
	at java.base/jdk.internal.reflect.DelegatingConstructorAccessorImpl.newInstance(DelegatingConstructorAccessorImpl.java:45) ~[?:?]
	at java.base/java.lang.reflect.Constructor.newInstanceWithCaller(Constructor.java:500) ~[?:?]
	at java.base/java.lang.reflect.Constructor.newInstance(Constructor.java:481) ~[?:?]
	at org.codehaus.groovy.reflection.CachedConstructor.invoke(CachedConstructor.java:72) ~[groovy-3.0.20.jar:3.0.20]
	at org.codehaus.groovy.runtime.callsite.ConstructorSite$ConstructorSiteNoUnwrapNoCoerce.callConstructor(ConstructorSite.java:105) ~[groovy-3.0.20.jar:3.0.20]
	at org.codehaus.groovy.runtime.callsite.AbstractCallSite.callConstructor(AbstractCallSite.java:277) ~[groovy-3.0.20.jar:3.0.20]
	at Script1.run(Script1.groovy:12) ~[?:?]
	at org.codehaus.groovy.jsr223.GroovyScriptEngineImpl.eval(GroovyScriptEngineImpl.java:317) ~[groovy-jsr223-3.0.20.jar:3.0.20]
	... 9 more
2026-09-10 03:12:16,241 ERROR o.a.j.m.JSR223PreProcessor: Problem in JSR223 script, Extracting Test Variables
javax.script.ScriptException: java.lang.IllegalStateException: LOADTESTLINK must contain both c= and e= parameters, got: https://order.smartone.com/jsp/smartpass/english/customer.jsp?tm=20260911_0859
	at org.codehaus.groovy.jsr223.GroovyScriptEngineImpl.eval(GroovyScriptEngineImpl.java:320) ~[groovy-jsr223-3.0.20.jar:3.0.20]
	at org.codehaus.groovy.jsr223.GroovyCompiledScript.eval(GroovyCompiledScript.java:71) ~[groovy-jsr223-3.0.20.jar:3.0.20]
	at java.scripting/javax.script.CompiledScript.eval(CompiledScript.java:93) ~[java.scripting:?]
	at org.apache.jmeter.util.JSR223TestElement.processFileOrScript(JSR223TestElement.java:230) ~[ApacheJMeter_core.jar:5.6.3]
	at org.apache.jmeter.modifiers.JSR223PreProcessor.process(JSR223PreProcessor.java:45) [ApacheJMeter_components.jar:5.6.3]
	at org.apache.jmeter.threads.JMeterThread.runPreProcessors(JMeterThread.java:983) [ApacheJMeter_core.jar:5.6.3]
	at org.apache.jmeter.threads.JMeterThread.executeSamplePackage(JMeterThread.java:561) [ApacheJMeter_core.jar:5.6.3]
	at org.apache.jmeter.threads.JMeterThread.processSampler(JMeterThread.java:501) [ApacheJMeter_core.jar:5.6.3]
	at org.apache.jmeter.threads.JMeterThread.run(JMeterThread.java:268) [ApacheJMeter_core.jar:5.6.3]
	at java.base/java.lang.Thread.run(Thread.java:840) [?:?]
Caused by: java.lang.IllegalStateException: LOADTESTLINK must contain both c= and e= parameters, got: https://order.smartone.com/jsp/smartpass/english/customer.jsp?tm=20260911_0859
	at java.base/jdk.internal.reflect.GeneratedConstructorAccessor47.newInstance(Unknown Source) ~[?:?]
	at java.base/jdk.internal.reflect.DelegatingConstructorAccessorImpl.newInstance(DelegatingConstructorAccessorImpl.java:45) ~[?:?]
	at java.base/java.lang.reflect.Constructor.newInstanceWithCaller(Constructor.java:500) ~[?:?]
	at java.base/java.lang.reflect.Constructor.newInstance(Constructor.java:481) ~[?:?]
	at org.codehaus.groovy.reflection.CachedConstructor.invoke(CachedConstructor.java:72) ~[groovy-3.0.20.jar:3.0.20]
	at org.codehaus.groovy.runtime.callsite.ConstructorSite$ConstructorSiteNoUnwrapNoCoerce.callConstructor(ConstructorSite.java:105) ~[groovy-3.0.20.jar:3.0.20]
	at org.codehaus.groovy.runtime.callsite.AbstractCallSite.callConstructor(AbstractCallSite.java:277) ~[groovy-3.0.20.jar:3.0.20]
	at Script1.run(Script1.groovy:12) ~[?:?]
	at org.codehaus.groovy.jsr223.GroovyScriptEngineImpl.eval(GroovyScriptEngineImpl.java:317) ~[groovy-jsr223-3.0.20.jar:3.0.20]
	... 9 more
2026-09-10 03:12:16,244 ERROR o.a.j.m.JSR223PreProcessor: Problem in JSR223 script, Extracting Test Variables
javax.script.ScriptException: java.lang.IllegalStateException: LOADTESTLINK must contain both c= and e= parameters, got: https://order.smartone.com/jsp/smartpass/english/customer.jsp?tm=20260911_0859
	at org.codehaus.groovy.jsr223.GroovyScriptEngineImpl.eval(GroovyScriptEngineImpl.java:320) ~[groovy-jsr223-3.0.20.jar:3.0.20]
	at org.codehaus.groovy.jsr223.GroovyCompiledScript.eval(GroovyCompiledScript.java:71) ~[groovy-jsr223-3.0.20.jar:3.0.20]
	at java.scripting/javax.script.CompiledScript.eval(CompiledScript.java:93) ~[java.scripting:?]
	at org.apache.jmeter.util.JSR223TestElement.processFileOrScript(JSR223TestElement.java:230) ~[ApacheJMeter_core.jar:5.6.3]
	at org.apache.jmeter.modifiers.JSR223PreProcessor.process(JSR223PreProcessor.java:45) [ApacheJMeter_components.jar:5.6.3]
	at org.apache.jmeter.threads.JMeterThread.runPreProcessors(JMeterThread.java:983) [ApacheJMeter_core.jar:5.6.3]
	at org.apache.jmeter.threads.JMeterThread.executeSamplePackage(JMeterThread.java:561) [ApacheJMeter_core.jar:5.6.3]
	at org.apache.jmeter.threads.JMeterThread.processSampler(JMeterThread.java:501) [ApacheJMeter_core.jar:5.6.3]
	at org.apache.jmeter.threads.JMeterThread.run(JMeterThread.java:268) [ApacheJMeter_core.jar:5.6.3]
	at java.base/java.lang.Thread.run(Thread.java:840) [?:?]
Caused by: java.lang.IllegalStateException: LOADTESTLINK must contain both c= and e= parameters, got: https://order.smartone.com/jsp/smartpass/english/customer.jsp?tm=20260911_0859
	at java.base/jdk.internal.reflect.GeneratedConstructorAccessor47.newInstance(Unknown Source) ~[?:?]
	at java.base/jdk.internal.reflect.DelegatingConstructorAccessorImpl.newInstance(DelegatingConstructorAccessorImpl.java:45) ~[?:?]
	at java.base/java.lang.reflect.Constructor.newInstanceWithCaller(Constructor.java:500) ~[?:?]
	at java.base/java.lang.reflect.Constructor.newInstance(Constructor.java:481) ~[?:?]
	at org.codehaus.groovy.reflection.CachedConstructor.invoke(CachedConstructor.java:72) ~[groovy-3.0.20.jar:3.0.20]
	at org.codehaus.groovy.runtime.callsite.ConstructorSite$ConstructorSiteNoUnwrapNoCoerce.callConstructor(ConstructorSite.java:105) ~[groovy-3.0.20.jar:3.0.20]
	at org.codehaus.groovy.runtime.callsite.AbstractCallSite.callConstructor(AbstractCallSite.java:277) ~[groovy-3.0.20.jar:3.0.20]
	at Script1.run(Script1.groovy:12) ~[?:?]
	at org.codehaus.groovy.jsr223.GroovyScriptEngineImpl.eval(GroovyScriptEngineImpl.java:317) ~[groovy-jsr223-3.0.20.jar:3.0.20]
	... 9 more
2026-09-10 03:12:16,245 ERROR o.a.j.m.JSR223PreProcessor: Problem in JSR223 script, Extracting Test Variables
javax.script.ScriptException: java.lang.IllegalStateException: LOADTESTLINK must contain both c= and e= parameters, got: https://order.smartone.com/jsp/smartpass/english/customer.jsp?tm=20260911_0859
	at org.codehaus.groovy.jsr223.GroovyScriptEngineImpl.eval(GroovyScriptEngineImpl.java:320) ~[groovy-jsr223-3.0.20.jar:3.0.20]
	at org.codehaus.groovy.jsr223.GroovyCompiledScript.eval(GroovyCompiledScript.java:71) ~[groovy-jsr223-3.0.20.jar:3.0.20]
	at java.scripting/javax.script.CompiledScript.eval(CompiledScript.java:93) ~[java.scripting:?]
	at org.apache.jmeter.util.JSR223TestElement.processFileOrScript(JSR223TestElement.java:230) ~[ApacheJMeter_core.jar:5.6.3]
	at org.apache.jmeter.modifiers.JSR223PreProcessor.process(JSR223PreProcessor.java:45) [ApacheJMeter_components.jar:5.6.3]
	at org.apache.jmeter.threads.JMeterThread.runPreProcessors(JMeterThread.java:983) [ApacheJMeter_core.jar:5.6.3]
	at org.apache.jmeter.threads.JMeterThread.executeSamplePackage(JMeterThread.java:561) [ApacheJMeter_core.jar:5.6.3]
	at org.apache.jmeter.threads.JMeterThread.processSampler(JMeterThread.java:501) [ApacheJMeter_core.jar:5.6.3]
	at org.apache.jmeter.threads.JMeterThread.run(JMeterThread.java:268) [ApacheJMeter_core.jar:5.6.3]
	at java.base/java.lang.Thread.run(Thread.java:840) [?:?]
Caused by: java.lang.IllegalStateException: LOADTESTLINK must contain both c= and e= parameters, got: https://order.smartone.com/jsp/smartpass/english/customer.jsp?tm=20260911_0859
	at java.base/jdk.internal.reflect.GeneratedConstructorAccessor47.newInstance(Unknown Source) ~[?:?]
	at java.base/jdk.internal.reflect.DelegatingConstructorAccessorImpl.newInstance(DelegatingConstructorAccessorImpl.java:45) ~[?:?]
	at java.base/java.lang.reflect.Constructor.newInstanceWithCaller(Constructor.java:500) ~[?:?]
	at java.base/java.lang.reflect.Constructor.newInstance(Constructor.java:481) ~[?:?]
	at org.codehaus.groovy.reflection.CachedConstructor.invoke(CachedConstructor.java:72) ~[groovy-3.0.20.jar:3.0.20]
	at org.codehaus.groovy.runtime.callsite.ConstructorSite$ConstructorSiteNoUnwrapNoCoerce.callConstructor(ConstructorSite.java:105) ~[groovy-3.0.20.jar:3.0.20]
	at org.codehaus.groovy.runtime.callsite.AbstractCallSite.callConstructor(AbstractCallSite.java:277) ~[groovy-3.0.20.jar:3.0.20]
	at Script1.run(Script1.groovy:12) ~[?:?]
	at org.codehaus.groovy.jsr223.GroovyScriptEngineImpl.eval(GroovyScriptEngineImpl.java:317) ~[groovy-jsr223-3.0.20.jar:3.0.20]
	... 9 more
2026-09-10 03:12:16,246 INFO o.a.j.s.TestAction: Stopping current thread from element Stop Test
2026-09-10 03:12:16,246 INFO o.a.j.t.JMeterThread: Stopping: Normal Flow Group 1-14
2026-09-10 03:12:16,246 INFO o.a.j.t.JMeterThread: Thread finished: Normal Flow Group 1-14
2026-09-10 03:12:17,714 INFO o.a.j.t.JMeterThread: Thread started: Normal Flow Group 1-15
2026-09-10 03:12:17,715 ERROR o.a.j.m.JSR223PreProcessor: Problem in JSR223 script, Extracting Test Variables
javax.script.ScriptException: java.lang.IllegalStateException: LOADTESTLINK must contain both c= and e= parameters, got: https://order.smartone.com/jsp/smartpass/english/customer.jsp?tm=20260911_0859
	at org.codehaus.groovy.jsr223.GroovyScriptEngineImpl.eval(GroovyScriptEngineImpl.java:320) ~[groovy-jsr223-3.0.20.jar:3.0.20]
	at org.codehaus.groovy.jsr223.GroovyCompiledScript.eval(GroovyCompiledScript.java:71) ~[groovy-jsr223-3.0.20.jar:3.0.20]
	at java.scripting/javax.script.CompiledScript.eval(CompiledScript.java:93) ~[java.scripting:?]
	at org.apache.jmeter.util.JSR223TestElement.processFileOrScript(JSR223TestElement.java:230) ~[ApacheJMeter_core.jar:5.6.3]
	at org.apache.jmeter.modifiers.JSR223PreProcessor.process(JSR223PreProcessor.java:45) [ApacheJMeter_components.jar:5.6.3]
	at org.apache.jmeter.threads.JMeterThread.runPreProcessors(JMeterThread.java:983) [ApacheJMeter_core.jar:5.6.3]
	at org.apache.jmeter.threads.JMeterThread.executeSamplePackage(JMeterThread.java:561) [ApacheJMeter_core.jar:5.6.3]
	at org.apache.jmeter.threads.JMeterThread.processSampler(JMeterThread.java:501) [ApacheJMeter_core.jar:5.6.3]
	at org.apache.jmeter.threads.JMeterThread.run(JMeterThread.java:268) [ApacheJMeter_core.jar:5.6.3]
	at java.base/java.lang.Thread.run(Thread.java:840) [?:?]
Caused by: java.lang.IllegalStateException: LOADTESTLINK must contain both c= and e= parameters, got: https://order.smartone.com/jsp/smartpass/english/customer.jsp?tm=20260911_0859
	at java.base/jdk.internal.reflect.GeneratedConstructorAccessor47.newInstance(Unknown Source) ~[?:?]
	at java.base/jdk.internal.reflect.DelegatingConstructorAccessorImpl.newInstance(DelegatingConstructorAccessorImpl.java:45) ~[?:?]
	at java.base/java.lang.reflect.Constructor.newInstanceWithCaller(Constructor.java:500) ~[?:?]
	at java.base/java.lang.reflect.Constructor.newInstance(Constructor.java:481) ~[?:?]
	at org.codehaus.groovy.reflection.CachedConstructor.invoke(CachedConstructor.java:72) ~[groovy-3.0.20.jar:3.0.20]
	at org.codehaus.groovy.runtime.callsite.ConstructorSite$ConstructorSiteNoUnwrapNoCoerce.callConstructor(ConstructorSite.java:105) ~[groovy-3.0.20.jar:3.0.20]
	at org.codehaus.groovy.runtime.callsite.AbstractCallSite.callConstructor(AbstractCallSite.java:277) ~[groovy-3.0.20.jar:3.0.20]
	at Script1.run(Script1.groovy:12) ~[?:?]
	at org.codehaus.groovy.jsr223.GroovyScriptEngineImpl.eval(GroovyScriptEngineImpl.java:317) ~[groovy-jsr223-3.0.20.jar:3.0.20]
	... 9 more
2026-09-10 03:12:17,740 ERROR o.a.j.m.JSR223PreProcessor: Problem in JSR223 script, Extracting Test Variables
javax.script.ScriptException: java.lang.IllegalStateException: LOADTESTLINK must contain both c= and e= parameters, got: https://order.smartone.com/jsp/smartpass/english/customer.jsp?tm=20260911_0859
	at org.codehaus.groovy.jsr223.GroovyScriptEngineImpl.eval(GroovyScriptEngineImpl.java:320) ~[groovy-jsr223-3.0.20.jar:3.0.20]
	at org.codehaus.groovy.jsr223.GroovyCompiledScript.eval(GroovyCompiledScript.java:71) ~[groovy-jsr223-3.0.20.jar:3.0.20]
	at java.scripting/javax.script.CompiledScript.eval(CompiledScript.java:93) ~[java.scripting:?]
	at org.apache.jmeter.util.JSR223TestElement.processFileOrScript(JSR223TestElement.java:230) ~[ApacheJMeter_core.jar:5.6.3]
	at org.apache.jmeter.modifiers.JSR223PreProcessor.process(JSR223PreProcessor.java:45) [ApacheJMeter_components.jar:5.6.3]
	at org.apache.jmeter.threads.JMeterThread.runPreProcessors(JMeterThread.java:983) [ApacheJMeter_core.jar:5.6.3]
	at org.apache.jmeter.threads.JMeterThread.executeSamplePackage(JMeterThread.java:561) [ApacheJMeter_core.jar:5.6.3]
	at org.apache.jmeter.threads.JMeterThread.processSampler(JMeterThread.java:501) [ApacheJMeter_core.jar:5.6.3]
	at org.apache.jmeter.threads.JMeterThread.run(JMeterThread.java:268) [ApacheJMeter_core.jar:5.6.3]
	at java.base/java.lang.Thread.run(Thread.java:840) [?:?]
Caused by: java.lang.IllegalStateException: LOADTESTLINK must contain both c= and e= parameters, got: https://order.smartone.com/jsp/smartpass/english/customer.jsp?tm=20260911_0859
	at java.base/jdk.internal.reflect.GeneratedConstructorAccessor47.newInstance(Unknown Source) ~[?:?]
	at java.base/jdk.internal.reflect.DelegatingConstructorAccessorImpl.newInstance(DelegatingConstructorAccessorImpl.java:45) ~[?:?]
	at java.base/java.lang.reflect.Constructor.newInstanceWithCaller(Constructor.java:500) ~[?:?]
	at java.base/java.lang.reflect.Constructor.newInstance(Constructor.java:481) ~[?:?]
	at org.codehaus.groovy.reflection.CachedConstructor.invoke(CachedConstructor.java:72) ~[groovy-3.0.20.jar:3.0.20]
	at org.codehaus.groovy.runtime.callsite.ConstructorSite$ConstructorSiteNoUnwrapNoCoerce.callConstructor(ConstructorSite.java:105) ~[groovy-3.0.20.jar:3.0.20]
	at org.codehaus.groovy.runtime.callsite.AbstractCallSite.callConstructor(AbstractCallSite.java:277) ~[groovy-3.0.20.jar:3.0.20]
	at Script1.run(Script1.groovy:12) ~[?:?]
	at org.codehaus.groovy.jsr223.GroovyScriptEngineImpl.eval(GroovyScriptEngineImpl.java:317) ~[groovy-jsr223-3.0.20.jar:3.0.20]
	... 9 more
2026-09-10 03:12:17,743 ERROR o.a.j.m.JSR223PreProcessor: Problem in JSR223 script, Extracting Test Variables
javax.script.ScriptException: java.lang.IllegalStateException: LOADTESTLINK must contain both c= and e= parameters, got: https://order.smartone.com/jsp/smartpass/english/customer.jsp?tm=20260911_0859
	at org.codehaus.groovy.jsr223.GroovyScriptEngineImpl.eval(GroovyScriptEngineImpl.java:320) ~[groovy-jsr223-3.0.20.jar:3.0.20]
	at org.codehaus.groovy.jsr223.GroovyCompiledScript.eval(GroovyCompiledScript.java:71) ~[groovy-jsr223-3.0.20.jar:3.0.20]
	at java.scripting/javax.script.CompiledScript.eval(CompiledScript.java:93) ~[java.scripting:?]
	at org.apache.jmeter.util.JSR223TestElement.processFileOrScript(JSR223TestElement.java:230) ~[ApacheJMeter_core.jar:5.6.3]
	at org.apache.jmeter.modifiers.JSR223PreProcessor.process(JSR223PreProcessor.java:45) [ApacheJMeter_components.jar:5.6.3]
	at org.apache.jmeter.threads.JMeterThread.runPreProcessors(JMeterThread.java:983) [ApacheJMeter_core.jar:5.6.3]
	at org.apache.jmeter.threads.JMeterThread.executeSamplePackage(JMeterThread.java:561) [ApacheJMeter_core.jar:5.6.3]
	at org.apache.jmeter.threads.JMeterThread.processSampler(JMeterThread.java:501) [ApacheJMeter_core.jar:5.6.3]
	at org.apache.jmeter.threads.JMeterThread.run(JMeterThread.java:268) [ApacheJMeter_core.jar:5.6.3]
	at java.base/java.lang.Thread.run(Thread.java:840) [?:?]
Caused by: java.lang.IllegalStateException: LOADTESTLINK must contain both c= and e= parameters, got: https://order.smartone.com/jsp/smartpass/english/customer.jsp?tm=20260911_0859
	at java.base/jdk.internal.reflect.GeneratedConstructorAccessor47.newInstance(Unknown Source) ~[?:?]
	at java.base/jdk.internal.reflect.DelegatingConstructorAccessorImpl.newInstance(DelegatingConstructorAccessorImpl.java:45) ~[?:?]
	at java.base/java.lang.reflect.Constructor.newInstanceWithCaller(Constructor.java:500) ~[?:?]
	at java.base/java.lang.reflect.Constructor.newInstance(Constructor.java:481) ~[?:?]
	at org.codehaus.groovy.reflection.CachedConstructor.invoke(CachedConstructor.java:72) ~[groovy-3.0.20.jar:3.0.20]
	at org.codehaus.groovy.runtime.callsite.ConstructorSite$ConstructorSiteNoUnwrapNoCoerce.callConstructor(ConstructorSite.java:105) ~[groovy-3.0.20.jar:3.0.20]
	at org.codehaus.groovy.runtime.callsite.AbstractCallSite.callConstructor(AbstractCallSite.java:277) ~[groovy-3.0.20.jar:3.0.20]
	at Script1.run(Script1.groovy:12) ~[?:?]
	at org.codehaus.groovy.jsr223.GroovyScriptEngineImpl.eval(GroovyScriptEngineImpl.java:317) ~[groovy-jsr223-3.0.20.jar:3.0.20]
	... 9 more
2026-09-10 03:12:17,744 ERROR o.a.j.m.JSR223PreProcessor: Problem in JSR223 script, Extracting Test Variables
javax.script.ScriptException: java.lang.IllegalStateException: LOADTESTLINK must contain both c= and e= parameters, got: https://order.smartone.com/jsp/smartpass/english/customer.jsp?tm=20260911_0859
	at org.codehaus.groovy.jsr223.GroovyScriptEngineImpl.eval(GroovyScriptEngineImpl.java:320) ~[groovy-jsr223-3.0.20.jar:3.0.20]
	at org.codehaus.groovy.jsr223.GroovyCompiledScript.eval(GroovyCompiledScript.java:71) ~[groovy-jsr223-3.0.20.jar:3.0.20]
	at java.scripting/javax.script.CompiledScript.eval(CompiledScript.java:93) ~[java.scripting:?]
	at org.apache.jmeter.util.JSR223TestElement.processFileOrScript(JSR223TestElement.java:230) ~[ApacheJMeter_core.jar:5.6.3]
	at org.apache.jmeter.modifiers.JSR223PreProcessor.process(JSR223PreProcessor.java:45) [ApacheJMeter_components.jar:5.6.3]
	at org.apache.jmeter.threads.JMeterThread.runPreProcessors(JMeterThread.java:983) [ApacheJMeter_core.jar:5.6.3]
	at org.apache.jmeter.threads.JMeterThread.executeSamplePackage(JMeterThread.java:561) [ApacheJMeter_core.jar:5.6.3]
	at org.apache.jmeter.threads.JMeterThread.processSampler(JMeterThread.java:501) [ApacheJMeter_core.jar:5.6.3]
	at org.apache.jmeter.threads.JMeterThread.run(JMeterThread.java:268) [ApacheJMeter_core.jar:5.6.3]
	at java.base/java.lang.Thread.run(Thread.java:840) [?:?]
Caused by: java.lang.IllegalStateException: LOADTESTLINK must contain both c= and e= parameters, got: https://order.smartone.com/jsp/smartpass/english/customer.jsp?tm=20260911_0859
	at java.base/jdk.internal.reflect.GeneratedConstructorAccessor47.newInstance(Unknown Source) ~[?:?]
	at java.base/jdk.internal.reflect.DelegatingConstructorAccessorImpl.newInstance(DelegatingConstructorAccessorImpl.java:45) ~[?:?]
	at java.base/java.lang.reflect.Constructor.newInstanceWithCaller(Constructor.java:500) ~[?:?]
	at java.base/java.lang.reflect.Constructor.newInstance(Constructor.java:481) ~[?:?]
	at org.codehaus.groovy.reflection.CachedConstructor.invoke(CachedConstructor.java:72) ~[groovy-3.0.20.jar:3.0.20]
	at org.codehaus.groovy.runtime.callsite.ConstructorSite$ConstructorSiteNoUnwrapNoCoerce.callConstructor(ConstructorSite.java:105) ~[groovy-3.0.20.jar:3.0.20]
	at org.codehaus.groovy.runtime.callsite.AbstractCallSite.callConstructor(AbstractCallSite.java:277) ~[groovy-3.0.20.jar:3.0.20]
	at Script1.run(Script1.groovy:12) ~[?:?]
	at org.codehaus.groovy.jsr223.GroovyScriptEngineImpl.eval(GroovyScriptEngineImpl.java:317) ~[groovy-jsr223-3.0.20.jar:3.0.20]
	... 9 more
2026-09-10 03:12:17,744 INFO o.a.j.s.TestAction: Stopping current thread from element Stop Test
2026-09-10 03:12:17,745 INFO o.a.j.t.JMeterThread: Stopping: Normal Flow Group 1-15
2026-09-10 03:12:17,745 INFO o.a.j.t.JMeterThread: Thread finished: Normal Flow Group 1-15
2026-09-10 03:12:19,214 INFO o.a.j.t.JMeterThread: Thread started: Normal Flow Group 1-16
2026-09-10 03:12:19,215 ERROR o.a.j.m.JSR223PreProcessor: Problem in JSR223 script, Extracting Test Variables
javax.script.ScriptException: java.lang.IllegalStateException: LOADTESTLINK must contain both c= and e= parameters, got: https://order.smartone.com/jsp/smartpass/english/customer.jsp?tm=20260911_0859
	at org.codehaus.groovy.jsr223.GroovyScriptEngineImpl.eval(GroovyScriptEngineImpl.java:320) ~[groovy-jsr223-3.0.20.jar:3.0.20]
	at org.codehaus.groovy.jsr223.GroovyCompiledScript.eval(GroovyCompiledScript.java:71) ~[groovy-jsr223-3.0.20.jar:3.0.20]
	at java.scripting/javax.script.CompiledScript.eval(CompiledScript.java:93) ~[java.scripting:?]
	at org.apache.jmeter.util.JSR223TestElement.processFileOrScript(JSR223TestElement.java:230) ~[ApacheJMeter_core.jar:5.6.3]
	at org.apache.jmeter.modifiers.JSR223PreProcessor.process(JSR223PreProcessor.java:45) [ApacheJMeter_components.jar:5.6.3]
	at org.apache.jmeter.threads.JMeterThread.runPreProcessors(JMeterThread.java:983) [ApacheJMeter_core.jar:5.6.3]
	at org.apache.jmeter.threads.JMeterThread.executeSamplePackage(JMeterThread.java:561) [ApacheJMeter_core.jar:5.6.3]
	at org.apache.jmeter.threads.JMeterThread.processSampler(JMeterThread.java:501) [ApacheJMeter_core.jar:5.6.3]
	at org.apache.jmeter.threads.JMeterThread.run(JMeterThread.java:268) [ApacheJMeter_core.jar:5.6.3]
	at java.base/java.lang.Thread.run(Thread.java:840) [?:?]
Caused by: java.lang.IllegalStateException: LOADTESTLINK must contain both c= and e= parameters, got: https://order.smartone.com/jsp/smartpass/english/customer.jsp?tm=20260911_0859
	at java.base/jdk.internal.reflect.GeneratedConstructorAccessor47.newInstance(Unknown Source) ~[?:?]
	at java.base/jdk.internal.reflect.DelegatingConstructorAccessorImpl.newInstance(DelegatingConstructorAccessorImpl.java:45) ~[?:?]
	at java.base/java.lang.reflect.Constructor.newInstanceWithCaller(Constructor.java:500) ~[?:?]
	at java.base/java.lang.reflect.Constructor.newInstance(Constructor.java:481) ~[?:?]
	at org.codehaus.groovy.reflection.CachedConstructor.invoke(CachedConstructor.java:72) ~[groovy-3.0.20.jar:3.0.20]
	at org.codehaus.groovy.runtime.callsite.ConstructorSite$ConstructorSiteNoUnwrapNoCoerce.callConstructor(ConstructorSite.java:105) ~[groovy-3.0.20.jar:3.0.20]
	at org.codehaus.groovy.runtime.callsite.AbstractCallSite.callConstructor(AbstractCallSite.java:277) ~[groovy-3.0.20.jar:3.0.20]
	at Script1.run(Script1.groovy:12) ~[?:?]
	at org.codehaus.groovy.jsr223.GroovyScriptEngineImpl.eval(GroovyScriptEngineImpl.java:317) ~[groovy-jsr223-3.0.20.jar:3.0.20]
	... 9 more
2026-09-10 03:12:19,239 ERROR o.a.j.m.JSR223PreProcessor: Problem in JSR223 script, Extracting Test Variables
javax.script.ScriptException: java.lang.IllegalStateException: LOADTESTLINK must contain both c= and e= parameters, got: https://order.smartone.com/jsp/smartpass/english/customer.jsp?tm=20260911_0859
	at org.codehaus.groovy.jsr223.GroovyScriptEngineImpl.eval(GroovyScriptEngineImpl.java:320) ~[groovy-jsr223-3.0.20.jar:3.0.20]
	at org.codehaus.groovy.jsr223.GroovyCompiledScript.eval(GroovyCompiledScript.java:71) ~[groovy-jsr223-3.0.20.jar:3.0.20]
	at java.scripting/javax.script.CompiledScript.eval(CompiledScript.java:93) ~[java.scripting:?]
	at org.apache.jmeter.util.JSR223TestElement.processFileOrScript(JSR223TestElement.java:230) ~[ApacheJMeter_core.jar:5.6.3]
	at org.apache.jmeter.modifiers.JSR223PreProcessor.process(JSR223PreProcessor.java:45) [ApacheJMeter_components.jar:5.6.3]
	at org.apache.jmeter.threads.JMeterThread.runPreProcessors(JMeterThread.java:983) [ApacheJMeter_core.jar:5.6.3]
	at org.apache.jmeter.threads.JMeterThread.executeSamplePackage(JMeterThread.java:561) [ApacheJMeter_core.jar:5.6.3]
	at org.apache.jmeter.threads.JMeterThread.processSampler(JMeterThread.java:501) [ApacheJMeter_core.jar:5.6.3]
	at org.apache.jmeter.threads.JMeterThread.run(JMeterThread.java:268) [ApacheJMeter_core.jar:5.6.3]
	at java.base/java.lang.Thread.run(Thread.java:840) [?:?]
Caused by: java.lang.IllegalStateException: LOADTESTLINK must contain both c= and e= parameters, got: https://order.smartone.com/jsp/smartpass/english/customer.jsp?tm=20260911_0859
	at java.base/jdk.internal.reflect.GeneratedConstructorAccessor47.newInstance(Unknown Source) ~[?:?]
	at java.base/jdk.internal.reflect.DelegatingConstructorAccessorImpl.newInstance(DelegatingConstructorAccessorImpl.java:45) ~[?:?]
	at java.base/java.lang.reflect.Constructor.newInstanceWithCaller(Constructor.java:500) ~[?:?]
	at java.base/java.lang.reflect.Constructor.newInstance(Constructor.java:481) ~[?:?]
	at org.codehaus.groovy.reflection.CachedConstructor.invoke(CachedConstructor.java:72) ~[groovy-3.0.20.jar:3.0.20]
	at org.codehaus.groovy.runtime.callsite.ConstructorSite$ConstructorSiteNoUnwrapNoCoerce.callConstructor(ConstructorSite.java:105) ~[groovy-3.0.20.jar:3.0.20]
	at org.codehaus.groovy.runtime.callsite.AbstractCallSite.callConstructor(AbstractCallSite.java:277) ~[groovy-3.0.20.jar:3.0.20]
	at Script1.run(Script1.groovy:12) ~[?:?]
	at org.codehaus.groovy.jsr223.GroovyScriptEngineImpl.eval(GroovyScriptEngineImpl.java:317) ~[groovy-jsr223-3.0.20.jar:3.0.20]
	... 9 more
2026-09-10 03:12:19,242 ERROR o.a.j.m.JSR223PreProcessor: Problem in JSR223 script, Extracting Test Variables
javax.script.ScriptException: java.lang.IllegalStateException: LOADTESTLINK must contain both c= and e= parameters, got: https://order.smartone.com/jsp/smartpass/english/customer.jsp?tm=20260911_0859
	at org.codehaus.groovy.jsr223.GroovyScriptEngineImpl.eval(GroovyScriptEngineImpl.java:320) ~[groovy-jsr223-3.0.20.jar:3.0.20]
	at org.codehaus.groovy.jsr223.GroovyCompiledScript.eval(GroovyCompiledScript.java:71) ~[groovy-jsr223-3.0.20.jar:3.0.20]
	at java.scripting/javax.script.CompiledScript.eval(CompiledScript.java:93) ~[java.scripting:?]
	at org.apache.jmeter.util.JSR223TestElement.processFileOrScript(JSR223TestElement.java:230) ~[ApacheJMeter_core.jar:5.6.3]
	at org.apache.jmeter.modifiers.JSR223PreProcessor.process(JSR223PreProcessor.java:45) [ApacheJMeter_components.jar:5.6.3]
	at org.apache.jmeter.threads.JMeterThread.runPreProcessors(JMeterThread.java:983) [ApacheJMeter_core.jar:5.6.3]
	at org.apache.jmeter.threads.JMeterThread.executeSamplePackage(JMeterThread.java:561) [ApacheJMeter_core.jar:5.6.3]
	at org.apache.jmeter.threads.JMeterThread.processSampler(JMeterThread.java:501) [ApacheJMeter_core.jar:5.6.3]
	at org.apache.jmeter.threads.JMeterThread.run(JMeterThread.java:268) [ApacheJMeter_core.jar:5.6.3]
	at java.base/java.lang.Thread.run(Thread.java:840) [?:?]
Caused by: java.lang.IllegalStateException: LOADTESTLINK must contain both c= and e= parameters, got: https://order.smartone.com/jsp/smartpass/english/customer.jsp?tm=20260911_0859
	at java.base/jdk.internal.reflect.GeneratedConstructorAccessor47.newInstance(Unknown Source) ~[?:?]
	at java.base/jdk.internal.reflect.DelegatingConstructorAccessorImpl.newInstance(DelegatingConstructorAccessorImpl.java:45) ~[?:?]
	at java.base/java.lang.reflect.Constructor.newInstanceWithCaller(Constructor.java:500) ~[?:?]
	at java.base/java.lang.reflect.Constructor.newInstance(Constructor.java:481) ~[?:?]
	at org.codehaus.groovy.reflection.CachedConstructor.invoke(CachedConstructor.java:72) ~[groovy-3.0.20.jar:3.0.20]
	at org.codehaus.groovy.runtime.callsite.ConstructorSite$ConstructorSiteNoUnwrapNoCoerce.callConstructor(ConstructorSite.java:105) ~[groovy-3.0.20.jar:3.0.20]
	at org.codehaus.groovy.runtime.callsite.AbstractCallSite.callConstructor(AbstractCallSite.java:277) ~[groovy-3.0.20.jar:3.0.20]
	at Script1.run(Script1.groovy:12) ~[?:?]
	at org.codehaus.groovy.jsr223.GroovyScriptEngineImpl.eval(GroovyScriptEngineImpl.java:317) ~[groovy-jsr223-3.0.20.jar:3.0.20]
	... 9 more
2026-09-10 03:12:19,244 ERROR o.a.j.m.JSR223PreProcessor: Problem in JSR223 script, Extracting Test Variables
javax.script.ScriptException: java.lang.IllegalStateException: LOADTESTLINK must contain both c= and e= parameters, got: https://order.smartone.com/jsp/smartpass/english/customer.jsp?tm=20260911_0859
	at org.codehaus.groovy.jsr223.GroovyScriptEngineImpl.eval(GroovyScriptEngineImpl.java:320) ~[groovy-jsr223-3.0.20.jar:3.0.20]
	at org.codehaus.groovy.jsr223.GroovyCompiledScript.eval(GroovyCompiledScript.java:71) ~[groovy-jsr223-3.0.20.jar:3.0.20]
	at java.scripting/javax.script.CompiledScript.eval(CompiledScript.java:93) ~[java.scripting:?]
	at org.apache.jmeter.util.JSR223TestElement.processFileOrScript(JSR223TestElement.java:230) ~[ApacheJMeter_core.jar:5.6.3]
	at org.apache.jmeter.modifiers.JSR223PreProcessor.process(JSR223PreProcessor.java:45) [ApacheJMeter_components.jar:5.6.3]
	at org.apache.jmeter.threads.JMeterThread.runPreProcessors(JMeterThread.java:983) [ApacheJMeter_core.jar:5.6.3]
	at org.apache.jmeter.threads.JMeterThread.executeSamplePackage(JMeterThread.java:561) [ApacheJMeter_core.jar:5.6.3]
	at org.apache.jmeter.threads.JMeterThread.processSampler(JMeterThread.java:501) [ApacheJMeter_core.jar:5.6.3]
	at org.apache.jmeter.threads.JMeterThread.run(JMeterThread.java:268) [ApacheJMeter_core.jar:5.6.3]
	at java.base/java.lang.Thread.run(Thread.java:840) [?:?]
Caused by: java.lang.IllegalStateException: LOADTESTLINK must contain both c= and e= parameters, got: https://order.smartone.com/jsp/smartpass/english/customer.jsp?tm=20260911_0859
	at java.base/jdk.internal.reflect.GeneratedConstructorAccessor47.newInstance(Unknown Source) ~[?:?]
	at java.base/jdk.internal.reflect.DelegatingConstructorAccessorImpl.newInstance(DelegatingConstructorAccessorImpl.java:45) ~[?:?]
	at java.base/java.lang.reflect.Constructor.newInstanceWithCaller(Constructor.java:500) ~[?:?]
	at java.base/java.lang.reflect.Constructor.newInstance(Constructor.java:481) ~[?:?]
	at org.codehaus.groovy.reflection.CachedConstructor.invoke(CachedConstructor.java:72) ~[groovy-3.0.20.jar:3.0.20]
	at org.codehaus.groovy.runtime.callsite.ConstructorSite$ConstructorSiteNoUnwrapNoCoerce.callConstructor(ConstructorSite.java:105) ~[groovy-3.0.20.jar:3.0.20]
	at org.codehaus.groovy.runtime.callsite.AbstractCallSite.callConstructor(AbstractCallSite.java:277) ~[groovy-3.0.20.jar:3.0.20]
	at Script1.run(Script1.groovy:12) ~[?:?]
	at org.codehaus.groovy.jsr223.GroovyScriptEngineImpl.eval(GroovyScriptEngineImpl.java:317) ~[groovy-jsr223-3.0.20.jar:3.0.20]
	... 9 more
2026-09-10 03:12:19,244 INFO o.a.j.s.TestAction: Stopping current thread from element Stop Test
2026-09-10 03:12:19,244 INFO o.a.j.t.JMeterThread: Stopping: Normal Flow Group 1-16
2026-09-10 03:12:19,244 INFO o.a.j.t.JMeterThread: Thread finished: Normal Flow Group 1-16
2026-09-10 03:12:20,712 INFO o.a.j.t.JMeterThread: Thread started: Normal Flow Group 1-17
2026-09-10 03:12:20,713 ERROR o.a.j.m.JSR223PreProcessor: Problem in JSR223 script, Extracting Test Variables
javax.script.ScriptException: java.lang.IllegalStateException: LOADTESTLINK must contain both c= and e= parameters, got: https://order.smartone.com/jsp/smartpass/english/customer.jsp?tm=20260911_0859
	at org.codehaus.groovy.jsr223.GroovyScriptEngineImpl.eval(GroovyScriptEngineImpl.java:320) ~[groovy-jsr223-3.0.20.jar:3.0.20]
	at org.codehaus.groovy.jsr223.GroovyCompiledScript.eval(GroovyCompiledScript.java:71) ~[groovy-jsr223-3.0.20.jar:3.0.20]
	at java.scripting/javax.script.CompiledScript.eval(CompiledScript.java:93) ~[java.scripting:?]
	at org.apache.jmeter.util.JSR223TestElement.processFileOrScript(JSR223TestElement.java:230) ~[ApacheJMeter_core.jar:5.6.3]
	at org.apache.jmeter.modifiers.JSR223PreProcessor.process(JSR223PreProcessor.java:45) [ApacheJMeter_components.jar:5.6.3]
	at org.apache.jmeter.threads.JMeterThread.runPreProcessors(JMeterThread.java:983) [ApacheJMeter_core.jar:5.6.3]
	at org.apache.jmeter.threads.JMeterThread.executeSamplePackage(JMeterThread.java:561) [ApacheJMeter_core.jar:5.6.3]
	at org.apache.jmeter.threads.JMeterThread.processSampler(JMeterThread.java:501) [ApacheJMeter_core.jar:5.6.3]
	at org.apache.jmeter.threads.JMeterThread.run(JMeterThread.java:268) [ApacheJMeter_core.jar:5.6.3]
	at java.base/java.lang.Thread.run(Thread.java:840) [?:?]
Caused by: java.lang.IllegalStateException: LOADTESTLINK must contain both c= and e= parameters, got: https://order.smartone.com/jsp/smartpass/english/customer.jsp?tm=20260911_0859
	at java.base/jdk.internal.reflect.GeneratedConstructorAccessor47.newInstance(Unknown Source) ~[?:?]
	at java.base/jdk.internal.reflect.DelegatingConstructorAccessorImpl.newInstance(DelegatingConstructorAccessorImpl.java:45) ~[?:?]
	at java.base/java.lang.reflect.Constructor.newInstanceWithCaller(Constructor.java:500) ~[?:?]
	at java.base/java.lang.reflect.Constructor.newInstance(Constructor.java:481) ~[?:?]
	at org.codehaus.groovy.reflection.CachedConstructor.invoke(CachedConstructor.java:72) ~[groovy-3.0.20.jar:3.0.20]
	at org.codehaus.groovy.runtime.callsite.ConstructorSite$ConstructorSiteNoUnwrapNoCoerce.callConstructor(ConstructorSite.java:105) ~[groovy-3.0.20.jar:3.0.20]
	at org.codehaus.groovy.runtime.callsite.AbstractCallSite.callConstructor(AbstractCallSite.java:277) ~[groovy-3.0.20.jar:3.0.20]
	at Script1.run(Script1.groovy:12) ~[?:?]
	at org.codehaus.groovy.jsr223.GroovyScriptEngineImpl.eval(GroovyScriptEngineImpl.java:317) ~[groovy-jsr223-3.0.20.jar:3.0.20]
	... 9 more
2026-09-10 03:12:20,739 ERROR o.a.j.m.JSR223PreProcessor: Problem in JSR223 script, Extracting Test Variables
javax.script.ScriptException: java.lang.IllegalStateException: LOADTESTLINK must contain both c= and e= parameters, got: https://order.smartone.com/jsp/smartpass/english/customer.jsp?tm=20260911_0859
	at org.codehaus.groovy.jsr223.GroovyScriptEngineImpl.eval(GroovyScriptEngineImpl.java:320) ~[groovy-jsr223-3.0.20.jar:3.0.20]
	at org.codehaus.groovy.jsr223.GroovyCompiledScript.eval(GroovyCompiledScript.java:71) ~[groovy-jsr223-3.0.20.jar:3.0.20]
	at java.scripting/javax.script.CompiledScript.eval(CompiledScript.java:93) ~[java.scripting:?]
	at org.apache.jmeter.util.JSR223TestElement.processFileOrScript(JSR223TestElement.java:230) ~[ApacheJMeter_core.jar:5.6.3]
	at org.apache.jmeter.modifiers.JSR223PreProcessor.process(JSR223PreProcessor.java:45) [ApacheJMeter_components.jar:5.6.3]
	at org.apache.jmeter.threads.JMeterThread.runPreProcessors(JMeterThread.java:983) [ApacheJMeter_core.jar:5.6.3]
	at org.apache.jmeter.threads.JMeterThread.executeSamplePackage(JMeterThread.java:561) [ApacheJMeter_core.jar:5.6.3]
	at org.apache.jmeter.threads.JMeterThread.processSampler(JMeterThread.java:501) [ApacheJMeter_core.jar:5.6.3]
	at org.apache.jmeter.threads.JMeterThread.run(JMeterThread.java:268) [ApacheJMeter_core.jar:5.6.3]
	at java.base/java.lang.Thread.run(Thread.java:840) [?:?]
Caused by: java.lang.IllegalStateException: LOADTESTLINK must contain both c= and e= parameters, got: https://order.smartone.com/jsp/smartpass/english/customer.jsp?tm=20260911_0859
	at java.base/jdk.internal.reflect.GeneratedConstructorAccessor47.newInstance(Unknown Source) ~[?:?]
	at java.base/jdk.internal.reflect.DelegatingConstructorAccessorImpl.newInstance(DelegatingConstructorAccessorImpl.java:45) ~[?:?]
	at java.base/java.lang.reflect.Constructor.newInstanceWithCaller(Constructor.java:500) ~[?:?]
	at java.base/java.lang.reflect.Constructor.newInstance(Constructor.java:481) ~[?:?]
	at org.codehaus.groovy.reflection.CachedConstructor.invoke(CachedConstructor.java:72) ~[groovy-3.0.20.jar:3.0.20]
	at org.codehaus.groovy.runtime.callsite.ConstructorSite$ConstructorSiteNoUnwrapNoCoerce.callConstructor(ConstructorSite.java:105) ~[groovy-3.0.20.jar:3.0.20]
	at org.codehaus.groovy.runtime.callsite.AbstractCallSite.callConstructor(AbstractCallSite.java:277) ~[groovy-3.0.20.jar:3.0.20]
	at Script1.run(Script1.groovy:12) ~[?:?]
	at org.codehaus.groovy.jsr223.GroovyScriptEngineImpl.eval(GroovyScriptEngineImpl.java:317) ~[groovy-jsr223-3.0.20.jar:3.0.20]
	... 9 more
2026-09-10 03:12:20,742 ERROR o.a.j.m.JSR223PreProcessor: Problem in JSR223 script, Extracting Test Variables
javax.script.ScriptException: java.lang.IllegalStateException: LOADTESTLINK must contain both c= and e= parameters, got: https://order.smartone.com/jsp/smartpass/english/customer.jsp?tm=20260911_0859
	at org.codehaus.groovy.jsr223.GroovyScriptEngineImpl.eval(GroovyScriptEngineImpl.java:320) ~[groovy-jsr223-3.0.20.jar:3.0.20]
	at org.codehaus.groovy.jsr223.GroovyCompiledScript.eval(GroovyCompiledScript.java:71) ~[groovy-jsr223-3.0.20.jar:3.0.20]
	at java.scripting/javax.script.CompiledScript.eval(CompiledScript.java:93) ~[java.scripting:?]
	at org.apache.jmeter.util.JSR223TestElement.processFileOrScript(JSR223TestElement.java:230) ~[ApacheJMeter_core.jar:5.6.3]
	at org.apache.jmeter.modifiers.JSR223PreProcessor.process(JSR223PreProcessor.java:45) [ApacheJMeter_components.jar:5.6.3]
	at org.apache.jmeter.threads.JMeterThread.runPreProcessors(JMeterThread.java:983) [ApacheJMeter_core.jar:5.6.3]
	at org.apache.jmeter.threads.JMeterThread.executeSamplePackage(JMeterThread.java:561) [ApacheJMeter_core.jar:5.6.3]
	at org.apache.jmeter.threads.JMeterThread.processSampler(JMeterThread.java:501) [ApacheJMeter_core.jar:5.6.3]
	at org.apache.jmeter.threads.JMeterThread.run(JMeterThread.java:268) [ApacheJMeter_core.jar:5.6.3]
	at java.base/java.lang.Thread.run(Thread.java:840) [?:?]
Caused by: java.lang.IllegalStateException: LOADTESTLINK must contain both c= and e= parameters, got: https://order.smartone.com/jsp/smartpass/english/customer.jsp?tm=20260911_0859
	at java.base/jdk.internal.reflect.GeneratedConstructorAccessor47.newInstance(Unknown Source) ~[?:?]
	at java.base/jdk.internal.reflect.DelegatingConstructorAccessorImpl.newInstance(DelegatingConstructorAccessorImpl.java:45) ~[?:?]
	at java.base/java.lang.reflect.Constructor.newInstanceWithCaller(Constructor.java:500) ~[?:?]
	at java.base/java.lang.reflect.Constructor.newInstance(Constructor.java:481) ~[?:?]
	at org.codehaus.groovy.reflection.CachedConstructor.invoke(CachedConstructor.java:72) ~[groovy-3.0.20.jar:3.0.20]
	at org.codehaus.groovy.runtime.callsite.ConstructorSite$ConstructorSiteNoUnwrapNoCoerce.callConstructor(ConstructorSite.java:105) ~[groovy-3.0.20.jar:3.0.20]
	at org.codehaus.groovy.runtime.callsite.AbstractCallSite.callConstructor(AbstractCallSite.java:277) ~[groovy-3.0.20.jar:3.0.20]
	at Script1.run(Script1.groovy:12) ~[?:?]
	at org.codehaus.groovy.jsr223.GroovyScriptEngineImpl.eval(GroovyScriptEngineImpl.java:317) ~[groovy-jsr223-3.0.20.jar:3.0.20]
	... 9 more
2026-09-10 03:12:20,743 ERROR o.a.j.m.JSR223PreProcessor: Problem in JSR223 script, Extracting Test Variables
javax.script.ScriptException: java.lang.IllegalStateException: LOADTESTLINK must contain both c= and e= parameters, got: https://order.smartone.com/jsp/smartpass/english/customer.jsp?tm=20260911_0859
	at org.codehaus.groovy.jsr223.GroovyScriptEngineImpl.eval(GroovyScriptEngineImpl.java:320) ~[groovy-jsr223-3.0.20.jar:3.0.20]
	at org.codehaus.groovy.jsr223.GroovyCompiledScript.eval(GroovyCompiledScript.java:71) ~[groovy-jsr223-3.0.20.jar:3.0.20]
	at java.scripting/javax.script.CompiledScript.eval(CompiledScript.java:93) ~[java.scripting:?]
	at org.apache.jmeter.util.JSR223TestElement.processFileOrScript(JSR223TestElement.java:230) ~[ApacheJMeter_core.jar:5.6.3]
	at org.apache.jmeter.modifiers.JSR223PreProcessor.process(JSR223PreProcessor.java:45) [ApacheJMeter_components.jar:5.6.3]
	at org.apache.jmeter.threads.JMeterThread.runPreProcessors(JMeterThread.java:983) [ApacheJMeter_core.jar:5.6.3]
	at org.apache.jmeter.threads.JMeterThread.executeSamplePackage(JMeterThread.java:561) [ApacheJMeter_core.jar:5.6.3]
	at org.apache.jmeter.threads.JMeterThread.processSampler(JMeterThread.java:501) [ApacheJMeter_core.jar:5.6.3]
	at org.apache.jmeter.threads.JMeterThread.run(JMeterThread.java:268) [ApacheJMeter_core.jar:5.6.3]
	at java.base/java.lang.Thread.run(Thread.java:840) [?:?]
Caused by: java.lang.IllegalStateException: LOADTESTLINK must contain both c= and e= parameters, got: https://order.smartone.com/jsp/smartpass/english/customer.jsp?tm=20260911_0859
	at java.base/jdk.internal.reflect.GeneratedConstructorAccessor47.newInstance(Unknown Source) ~[?:?]
	at java.base/jdk.internal.reflect.DelegatingConstructorAccessorImpl.newInstance(DelegatingConstructorAccessorImpl.java:45) ~[?:?]
	at java.base/java.lang.reflect.Constructor.newInstanceWithCaller(Constructor.java:500) ~[?:?]
	at java.base/java.lang.reflect.Constructor.newInstance(Constructor.java:481) ~[?:?]
	at org.codehaus.groovy.reflection.CachedConstructor.invoke(CachedConstructor.java:72) ~[groovy-3.0.20.jar:3.0.20]
	at org.codehaus.groovy.runtime.callsite.ConstructorSite$ConstructorSiteNoUnwrapNoCoerce.callConstructor(ConstructorSite.java:105) ~[groovy-3.0.20.jar:3.0.20]
	at org.codehaus.groovy.runtime.callsite.AbstractCallSite.callConstructor(AbstractCallSite.java:277) ~[groovy-3.0.20.jar:3.0.20]
	at Script1.run(Script1.groovy:12) ~[?:?]
	at org.codehaus.groovy.jsr223.GroovyScriptEngineImpl.eval(GroovyScriptEngineImpl.java:317) ~[groovy-jsr223-3.0.20.jar:3.0.20]
	... 9 more
2026-09-10 03:12:20,743 INFO o.a.j.s.TestAction: Stopping current thread from element Stop Test
2026-09-10 03:12:20,743 INFO o.a.j.t.JMeterThread: Stopping: Normal Flow Group 1-17
2026-09-10 03:12:20,744 INFO o.a.j.t.JMeterThread: Thread finished: Normal Flow Group 1-17
2026-09-10 03:12:22,213 INFO o.a.j.t.JMeterThread: Thread started: Normal Flow Group 1-18
2026-09-10 03:12:22,215 ERROR o.a.j.m.JSR223PreProcessor: Problem in JSR223 script, Extracting Test Variables
javax.script.ScriptException: java.lang.IllegalStateException: LOADTESTLINK must contain both c= and e= parameters, got: https://order.smartone.com/jsp/smartpass/english/customer.jsp?tm=20260911_0859
	at org.codehaus.groovy.jsr223.GroovyScriptEngineImpl.eval(GroovyScriptEngineImpl.java:320) ~[groovy-jsr223-3.0.20.jar:3.0.20]
	at org.codehaus.groovy.jsr223.GroovyCompiledScript.eval(GroovyCompiledScript.java:71) ~[groovy-jsr223-3.0.20.jar:3.0.20]
	at java.scripting/javax.script.CompiledScript.eval(CompiledScript.java:93) ~[java.scripting:?]
	at org.apache.jmeter.util.JSR223TestElement.processFileOrScript(JSR223TestElement.java:230) ~[ApacheJMeter_core.jar:5.6.3]
	at org.apache.jmeter.modifiers.JSR223PreProcessor.process(JSR223PreProcessor.java:45) [ApacheJMeter_components.jar:5.6.3]
	at org.apache.jmeter.threads.JMeterThread.runPreProcessors(JMeterThread.java:983) [ApacheJMeter_core.jar:5.6.3]
	at org.apache.jmeter.threads.JMeterThread.executeSamplePackage(JMeterThread.java:561) [ApacheJMeter_core.jar:5.6.3]
	at org.apache.jmeter.threads.JMeterThread.processSampler(JMeterThread.java:501) [ApacheJMeter_core.jar:5.6.3]
	at org.apache.jmeter.threads.JMeterThread.run(JMeterThread.java:268) [ApacheJMeter_core.jar:5.6.3]
	at java.base/java.lang.Thread.run(Thread.java:840) [?:?]
Caused by: java.lang.IllegalStateException: LOADTESTLINK must contain both c= and e= parameters, got: https://order.smartone.com/jsp/smartpass/english/customer.jsp?tm=20260911_0859
	at java.base/jdk.internal.reflect.GeneratedConstructorAccessor47.newInstance(Unknown Source) ~[?:?]
	at java.base/jdk.internal.reflect.DelegatingConstructorAccessorImpl.newInstance(DelegatingConstructorAccessorImpl.java:45) ~[?:?]
	at java.base/java.lang.reflect.Constructor.newInstanceWithCaller(Constructor.java:500) ~[?:?]
	at java.base/java.lang.reflect.Constructor.newInstance(Constructor.java:481) ~[?:?]
	at org.codehaus.groovy.reflection.CachedConstructor.invoke(CachedConstructor.java:72) ~[groovy-3.0.20.jar:3.0.20]
	at org.codehaus.groovy.runtime.callsite.ConstructorSite$ConstructorSiteNoUnwrapNoCoerce.callConstructor(ConstructorSite.java:105) ~[groovy-3.0.20.jar:3.0.20]
	at org.codehaus.groovy.runtime.callsite.AbstractCallSite.callConstructor(AbstractCallSite.java:277) ~[groovy-3.0.20.jar:3.0.20]
	at Script1.run(Script1.groovy:12) ~[?:?]
	at org.codehaus.groovy.jsr223.GroovyScriptEngineImpl.eval(GroovyScriptEngineImpl.java:317) ~[groovy-jsr223-3.0.20.jar:3.0.20]
	... 9 more
2026-09-10 03:12:22,241 ERROR o.a.j.m.JSR223PreProcessor: Problem in JSR223 script, Extracting Test Variables
javax.script.ScriptException: java.lang.IllegalStateException: LOADTESTLINK must contain both c= and e= parameters, got: https://order.smartone.com/jsp/smartpass/english/customer.jsp?tm=20260911_0859
	at org.codehaus.groovy.jsr223.GroovyScriptEngineImpl.eval(GroovyScriptEngineImpl.java:320) ~[groovy-jsr223-3.0.20.jar:3.0.20]
	at org.codehaus.groovy.jsr223.GroovyCompiledScript.eval(GroovyCompiledScript.java:71) ~[groovy-jsr223-3.0.20.jar:3.0.20]
	at java.scripting/javax.script.CompiledScript.eval(CompiledScript.java:93) ~[java.scripting:?]
	at org.apache.jmeter.util.JSR223TestElement.processFileOrScript(JSR223TestElement.java:230) ~[ApacheJMeter_core.jar:5.6.3]
	at org.apache.jmeter.modifiers.JSR223PreProcessor.process(JSR223PreProcessor.java:45) [ApacheJMeter_components.jar:5.6.3]
	at org.apache.jmeter.threads.JMeterThread.runPreProcessors(JMeterThread.java:983) [ApacheJMeter_core.jar:5.6.3]
	at org.apache.jmeter.threads.JMeterThread.executeSamplePackage(JMeterThread.java:561) [ApacheJMeter_core.jar:5.6.3]
	at org.apache.jmeter.threads.JMeterThread.processSampler(JMeterThread.java:501) [ApacheJMeter_core.jar:5.6.3]
	at org.apache.jmeter.threads.JMeterThread.run(JMeterThread.java:268) [ApacheJMeter_core.jar:5.6.3]
	at java.base/java.lang.Thread.run(Thread.java:840) [?:?]
Caused by: java.lang.IllegalStateException: LOADTESTLINK must contain both c= and e= parameters, got: https://order.smartone.com/jsp/smartpass/english/customer.jsp?tm=20260911_0859
	at java.base/jdk.internal.reflect.GeneratedConstructorAccessor47.newInstance(Unknown Source) ~[?:?]
	at java.base/jdk.internal.reflect.DelegatingConstructorAccessorImpl.newInstance(DelegatingConstructorAccessorImpl.java:45) ~[?:?]
	at java.base/java.lang.reflect.Constructor.newInstanceWithCaller(Constructor.java:500) ~[?:?]
	at java.base/java.lang.reflect.Constructor.newInstance(Constructor.java:481) ~[?:?]
	at org.codehaus.groovy.reflection.CachedConstructor.invoke(CachedConstructor.java:72) ~[groovy-3.0.20.jar:3.0.20]
	at org.codehaus.groovy.runtime.callsite.ConstructorSite$ConstructorSiteNoUnwrapNoCoerce.callConstructor(ConstructorSite.java:105) ~[groovy-3.0.20.jar:3.0.20]
	at org.codehaus.groovy.runtime.callsite.AbstractCallSite.callConstructor(AbstractCallSite.java:277) ~[groovy-3.0.20.jar:3.0.20]
	at Script1.run(Script1.groovy:12) ~[?:?]
	at org.codehaus.groovy.jsr223.GroovyScriptEngineImpl.eval(GroovyScriptEngineImpl.java:317) ~[groovy-jsr223-3.0.20.jar:3.0.20]
	... 9 more
2026-09-10 03:12:22,245 ERROR o.a.j.m.JSR223PreProcessor: Problem in JSR223 script, Extracting Test Variables
javax.script.ScriptException: java.lang.IllegalStateException: LOADTESTLINK must contain both c= and e= parameters, got: https://order.smartone.com/jsp/smartpass/english/customer.jsp?tm=20260911_0859
	at org.codehaus.groovy.jsr223.GroovyScriptEngineImpl.eval(GroovyScriptEngineImpl.java:320) ~[groovy-jsr223-3.0.20.jar:3.0.20]
	at org.codehaus.groovy.jsr223.GroovyCompiledScript.eval(GroovyCompiledScript.java:71) ~[groovy-jsr223-3.0.20.jar:3.0.20]
	at java.scripting/javax.script.CompiledScript.eval(CompiledScript.java:93) ~[java.scripting:?]
	at org.apache.jmeter.util.JSR223TestElement.processFileOrScript(JSR223TestElement.java:230) ~[ApacheJMeter_core.jar:5.6.3]
	at org.apache.jmeter.modifiers.JSR223PreProcessor.process(JSR223PreProcessor.java:45) [ApacheJMeter_components.jar:5.6.3]
	at org.apache.jmeter.threads.JMeterThread.runPreProcessors(JMeterThread.java:983) [ApacheJMeter_core.jar:5.6.3]
	at org.apache.jmeter.threads.JMeterThread.executeSamplePackage(JMeterThread.java:561) [ApacheJMeter_core.jar:5.6.3]
	at org.apache.jmeter.threads.JMeterThread.processSampler(JMeterThread.java:501) [ApacheJMeter_core.jar:5.6.3]
	at org.apache.jmeter.threads.JMeterThread.run(JMeterThread.java:268) [ApacheJMeter_core.jar:5.6.3]
	at java.base/java.lang.Thread.run(Thread.java:840) [?:?]
Caused by: java.lang.IllegalStateException: LOADTESTLINK must contain both c= and e= parameters, got: https://order.smartone.com/jsp/smartpass/english/customer.jsp?tm=20260911_0859
	at java.base/jdk.internal.reflect.GeneratedConstructorAccessor47.newInstance(Unknown Source) ~[?:?]
	at java.base/jdk.internal.reflect.DelegatingConstructorAccessorImpl.newInstance(DelegatingConstructorAccessorImpl.java:45) ~[?:?]
	at java.base/java.lang.reflect.Constructor.newInstanceWithCaller(Constructor.java:500) ~[?:?]
	at java.base/java.lang.reflect.Constructor.newInstance(Constructor.java:481) ~[?:?]
	at org.codehaus.groovy.reflection.CachedConstructor.invoke(CachedConstructor.java:72) ~[groovy-3.0.20.jar:3.0.20]
	at org.codehaus.groovy.runtime.callsite.ConstructorSite$ConstructorSiteNoUnwrapNoCoerce.callConstructor(ConstructorSite.java:105) ~[groovy-3.0.20.jar:3.0.20]
	at org.codehaus.groovy.runtime.callsite.AbstractCallSite.callConstructor(AbstractCallSite.java:277) ~[groovy-3.0.20.jar:3.0.20]
	at Script1.run(Script1.groovy:12) ~[?:?]
	at org.codehaus.groovy.jsr223.GroovyScriptEngineImpl.eval(GroovyScriptEngineImpl.java:317) ~[groovy-jsr223-3.0.20.jar:3.0.20]
	... 9 more
2026-09-10 03:12:22,247 ERROR o.a.j.m.JSR223PreProcessor: Problem in JSR223 script, Extracting Test Variables
javax.script.ScriptException: java.lang.IllegalStateException: LOADTESTLINK must contain both c= and e= parameters, got: https://order.smartone.com/jsp/smartpass/english/customer.jsp?tm=20260911_0859
	at org.codehaus.groovy.jsr223.GroovyScriptEngineImpl.eval(GroovyScriptEngineImpl.java:320) ~[groovy-jsr223-3.0.20.jar:3.0.20]
	at org.codehaus.groovy.jsr223.GroovyCompiledScript.eval(GroovyCompiledScript.java:71) ~[groovy-jsr223-3.0.20.jar:3.0.20]
	at java.scripting/javax.script.CompiledScript.eval(CompiledScript.java:93) ~[java.scripting:?]
	at org.apache.jmeter.util.JSR223TestElement.processFileOrScript(JSR223TestElement.java:230) ~[ApacheJMeter_core.jar:5.6.3]
	at org.apache.jmeter.modifiers.JSR223PreProcessor.process(JSR223PreProcessor.java:45) [ApacheJMeter_components.jar:5.6.3]
	at org.apache.jmeter.threads.JMeterThread.runPreProcessors(JMeterThread.java:983) [ApacheJMeter_core.jar:5.6.3]
	at org.apache.jmeter.threads.JMeterThread.executeSamplePackage(JMeterThread.java:561) [ApacheJMeter_core.jar:5.6.3]
	at org.apache.jmeter.threads.JMeterThread.processSampler(JMeterThread.java:501) [ApacheJMeter_core.jar:5.6.3]
	at org.apache.jmeter.threads.JMeterThread.run(JMeterThread.java:268) [ApacheJMeter_core.jar:5.6.3]
	at java.base/java.lang.Thread.run(Thread.java:840) [?:?]
Caused by: java.lang.IllegalStateException: LOADTESTLINK must contain both c= and e= parameters, got: https://order.smartone.com/jsp/smartpass/english/customer.jsp?tm=20260911_0859
	at java.base/jdk.internal.reflect.GeneratedConstructorAccessor47.newInstance(Unknown Source) ~[?:?]
	at java.base/jdk.internal.reflect.DelegatingConstructorAccessorImpl.newInstance(DelegatingConstructorAccessorImpl.java:45) ~[?:?]
	at java.base/java.lang.reflect.Constructor.newInstanceWithCaller(Constructor.java:500) ~[?:?]
	at java.base/java.lang.reflect.Constructor.newInstance(Constructor.java:481) ~[?:?]
	at org.codehaus.groovy.reflection.CachedConstructor.invoke(CachedConstructor.java:72) ~[groovy-3.0.20.jar:3.0.20]
	at org.codehaus.groovy.runtime.callsite.ConstructorSite$ConstructorSiteNoUnwrapNoCoerce.callConstructor(ConstructorSite.java:105) ~[groovy-3.0.20.jar:3.0.20]
	at org.codehaus.groovy.runtime.callsite.AbstractCallSite.callConstructor(AbstractCallSite.java:277) ~[groovy-3.0.20.jar:3.0.20]
	at Script1.run(Script1.groovy:12) ~[?:?]
	at org.codehaus.groovy.jsr223.GroovyScriptEngineImpl.eval(GroovyScriptEngineImpl.java:317) ~[groovy-jsr223-3.0.20.jar:3.0.20]
	... 9 more
2026-09-10 03:12:22,247 INFO o.a.j.s.TestAction: Stopping current thread from element Stop Test
2026-09-10 03:12:22,247 INFO o.a.j.t.JMeterThread: Stopping: Normal Flow Group 1-18
2026-09-10 03:12:22,248 INFO o.a.j.t.JMeterThread: Thread finished: Normal Flow Group 1-18
2026-09-10 03:12:23,713 INFO o.a.j.t.JMeterThread: Thread started: Normal Flow Group 1-19
2026-09-10 03:12:23,714 ERROR o.a.j.m.JSR223PreProcessor: Problem in JSR223 script, Extracting Test Variables
javax.script.ScriptException: java.lang.IllegalStateException: LOADTESTLINK must contain both c= and e= parameters, got: https://order.smartone.com/jsp/smartpass/english/customer.jsp?tm=20260911_0859
	at org.codehaus.groovy.jsr223.GroovyScriptEngineImpl.eval(GroovyScriptEngineImpl.java:320) ~[groovy-jsr223-3.0.20.jar:3.0.20]
	at org.codehaus.groovy.jsr223.GroovyCompiledScript.eval(GroovyCompiledScript.java:71) ~[groovy-jsr223-3.0.20.jar:3.0.20]
	at java.scripting/javax.script.CompiledScript.eval(CompiledScript.java:93) ~[java.scripting:?]
	at org.apache.jmeter.util.JSR223TestElement.processFileOrScript(JSR223TestElement.java:230) ~[ApacheJMeter_core.jar:5.6.3]
	at org.apache.jmeter.modifiers.JSR223PreProcessor.process(JSR223PreProcessor.java:45) [ApacheJMeter_components.jar:5.6.3]
	at org.apache.jmeter.threads.JMeterThread.runPreProcessors(JMeterThread.java:983) [ApacheJMeter_core.jar:5.6.3]
	at org.apache.jmeter.threads.JMeterThread.executeSamplePackage(JMeterThread.java:561) [ApacheJMeter_core.jar:5.6.3]
	at org.apache.jmeter.threads.JMeterThread.processSampler(JMeterThread.java:501) [ApacheJMeter_core.jar:5.6.3]
	at org.apache.jmeter.threads.JMeterThread.run(JMeterThread.java:268) [ApacheJMeter_core.jar:5.6.3]
	at java.base/java.lang.Thread.run(Thread.java:840) [?:?]
Caused by: java.lang.IllegalStateException: LOADTESTLINK must contain both c= and e= parameters, got: https://order.smartone.com/jsp/smartpass/english/customer.jsp?tm=20260911_0859
	at java.base/jdk.internal.reflect.GeneratedConstructorAccessor47.newInstance(Unknown Source) ~[?:?]
	at java.base/jdk.internal.reflect.DelegatingConstructorAccessorImpl.newInstance(DelegatingConstructorAccessorImpl.java:45) ~[?:?]
	at java.base/java.lang.reflect.Constructor.newInstanceWithCaller(Constructor.java:500) ~[?:?]
	at java.base/java.lang.reflect.Constructor.newInstance(Constructor.java:481) ~[?:?]
	at org.codehaus.groovy.reflection.CachedConstructor.invoke(CachedConstructor.java:72) ~[groovy-3.0.20.jar:3.0.20]
	at org.codehaus.groovy.runtime.callsite.ConstructorSite$ConstructorSiteNoUnwrapNoCoerce.callConstructor(ConstructorSite.java:105) ~[groovy-3.0.20.jar:3.0.20]
	at org.codehaus.groovy.runtime.callsite.AbstractCallSite.callConstructor(AbstractCallSite.java:277) ~[groovy-3.0.20.jar:3.0.20]
	at Script1.run(Script1.groovy:12) ~[?:?]
	at org.codehaus.groovy.jsr223.GroovyScriptEngineImpl.eval(GroovyScriptEngineImpl.java:317) ~[groovy-jsr223-3.0.20.jar:3.0.20]
	... 9 more
2026-09-10 03:12:23,746 ERROR o.a.j.m.JSR223PreProcessor: Problem in JSR223 script, Extracting Test Variables
javax.script.ScriptException: java.lang.IllegalStateException: LOADTESTLINK must contain both c= and e= parameters, got: https://order.smartone.com/jsp/smartpass/english/customer.jsp?tm=20260911_0859
	at org.codehaus.groovy.jsr223.GroovyScriptEngineImpl.eval(GroovyScriptEngineImpl.java:320) ~[groovy-jsr223-3.0.20.jar:3.0.20]
	at org.codehaus.groovy.jsr223.GroovyCompiledScript.eval(GroovyCompiledScript.java:71) ~[groovy-jsr223-3.0.20.jar:3.0.20]
	at java.scripting/javax.script.CompiledScript.eval(CompiledScript.java:93) ~[java.scripting:?]
	at org.apache.jmeter.util.JSR223TestElement.processFileOrScript(JSR223TestElement.java:230) ~[ApacheJMeter_core.jar:5.6.3]
	at org.apache.jmeter.modifiers.JSR223PreProcessor.process(JSR223PreProcessor.java:45) [ApacheJMeter_components.jar:5.6.3]
	at org.apache.jmeter.threads.JMeterThread.runPreProcessors(JMeterThread.java:983) [ApacheJMeter_core.jar:5.6.3]
	at org.apache.jmeter.threads.JMeterThread.executeSamplePackage(JMeterThread.java:561) [ApacheJMeter_core.jar:5.6.3]
	at org.apache.jmeter.threads.JMeterThread.processSampler(JMeterThread.java:501) [ApacheJMeter_core.jar:5.6.3]
	at org.apache.jmeter.threads.JMeterThread.run(JMeterThread.java:268) [ApacheJMeter_core.jar:5.6.3]
	at java.base/java.lang.Thread.run(Thread.java:840) [?:?]
Caused by: java.lang.IllegalStateException: LOADTESTLINK must contain both c= and e= parameters, got: https://order.smartone.com/jsp/smartpass/english/customer.jsp?tm=20260911_0859
	at java.base/jdk.internal.reflect.GeneratedConstructorAccessor47.newInstance(Unknown Source) ~[?:?]
	at java.base/jdk.internal.reflect.DelegatingConstructorAccessorImpl.newInstance(DelegatingConstructorAccessorImpl.java:45) ~[?:?]
	at java.base/java.lang.reflect.Constructor.newInstanceWithCaller(Constructor.java:500) ~[?:?]
	at java.base/java.lang.reflect.Constructor.newInstance(Constructor.java:481) ~[?:?]
	at org.codehaus.groovy.reflection.CachedConstructor.invoke(CachedConstructor.java:72) ~[groovy-3.0.20.jar:3.0.20]
	at org.codehaus.groovy.runtime.callsite.ConstructorSite$ConstructorSiteNoUnwrapNoCoerce.callConstructor(ConstructorSite.java:105) ~[groovy-3.0.20.jar:3.0.20]
	at org.codehaus.groovy.runtime.callsite.AbstractCallSite.callConstructor(AbstractCallSite.java:277) ~[groovy-3.0.20.jar:3.0.20]
	at Script1.run(Script1.groovy:12) ~[?:?]
	at org.codehaus.groovy.jsr223.GroovyScriptEngineImpl.eval(GroovyScriptEngineImpl.java:317) ~[groovy-jsr223-3.0.20.jar:3.0.20]
	... 9 more
2026-09-10 03:12:23,749 ERROR o.a.j.m.JSR223PreProcessor: Problem in JSR223 script, Extracting Test Variables
javax.script.ScriptException: java.lang.IllegalStateException: LOADTESTLINK must contain both c= and e= parameters, got: https://order.smartone.com/jsp/smartpass/english/customer.jsp?tm=20260911_0859
	at org.codehaus.groovy.jsr223.GroovyScriptEngineImpl.eval(GroovyScriptEngineImpl.java:320) ~[groovy-jsr223-3.0.20.jar:3.0.20]
	at org.codehaus.groovy.jsr223.GroovyCompiledScript.eval(GroovyCompiledScript.java:71) ~[groovy-jsr223-3.0.20.jar:3.0.20]
	at java.scripting/javax.script.CompiledScript.eval(CompiledScript.java:93) ~[java.scripting:?]
	at org.apache.jmeter.util.JSR223TestElement.processFileOrScript(JSR223TestElement.java:230) ~[ApacheJMeter_core.jar:5.6.3]
	at org.apache.jmeter.modifiers.JSR223PreProcessor.process(JSR223PreProcessor.java:45) [ApacheJMeter_components.jar:5.6.3]
	at org.apache.jmeter.threads.JMeterThread.runPreProcessors(JMeterThread.java:983) [ApacheJMeter_core.jar:5.6.3]
	at org.apache.jmeter.threads.JMeterThread.executeSamplePackage(JMeterThread.java:561) [ApacheJMeter_core.jar:5.6.3]
	at org.apache.jmeter.threads.JMeterThread.processSampler(JMeterThread.java:501) [ApacheJMeter_core.jar:5.6.3]
	at org.apache.jmeter.threads.JMeterThread.run(JMeterThread.java:268) [ApacheJMeter_core.jar:5.6.3]
	at java.base/java.lang.Thread.run(Thread.java:840) [?:?]
Caused by: java.lang.IllegalStateException: LOADTESTLINK must contain both c= and e= parameters, got: https://order.smartone.com/jsp/smartpass/english/customer.jsp?tm=20260911_0859
	at java.base/jdk.internal.reflect.GeneratedConstructorAccessor47.newInstance(Unknown Source) ~[?:?]
	at java.base/jdk.internal.reflect.DelegatingConstructorAccessorImpl.newInstance(DelegatingConstructorAccessorImpl.java:45) ~[?:?]
	at java.base/java.lang.reflect.Constructor.newInstanceWithCaller(Constructor.java:500) ~[?:?]
	at java.base/java.lang.reflect.Constructor.newInstance(Constructor.java:481) ~[?:?]
	at org.codehaus.groovy.reflection.CachedConstructor.invoke(CachedConstructor.java:72) ~[groovy-3.0.20.jar:3.0.20]
	at org.codehaus.groovy.runtime.callsite.ConstructorSite$ConstructorSiteNoUnwrapNoCoerce.callConstructor(ConstructorSite.java:105) ~[groovy-3.0.20.jar:3.0.20]
	at org.codehaus.groovy.runtime.callsite.AbstractCallSite.callConstructor(AbstractCallSite.java:277) ~[groovy-3.0.20.jar:3.0.20]
	at Script1.run(Script1.groovy:12) ~[?:?]
	at org.codehaus.groovy.jsr223.GroovyScriptEngineImpl.eval(GroovyScriptEngineImpl.java:317) ~[groovy-jsr223-3.0.20.jar:3.0.20]
	... 9 more
2026-09-10 03:12:23,750 ERROR o.a.j.m.JSR223PreProcessor: Problem in JSR223 script, Extracting Test Variables
javax.script.ScriptException: java.lang.IllegalStateException: LOADTESTLINK must contain both c= and e= parameters, got: https://order.smartone.com/jsp/smartpass/english/customer.jsp?tm=20260911_0859
	at org.codehaus.groovy.jsr223.GroovyScriptEngineImpl.eval(GroovyScriptEngineImpl.java:320) ~[groovy-jsr223-3.0.20.jar:3.0.20]
	at org.codehaus.groovy.jsr223.GroovyCompiledScript.eval(GroovyCompiledScript.java:71) ~[groovy-jsr223-3.0.20.jar:3.0.20]
	at java.scripting/javax.script.CompiledScript.eval(CompiledScript.java:93) ~[java.scripting:?]
	at org.apache.jmeter.util.JSR223TestElement.processFileOrScript(JSR223TestElement.java:230) ~[ApacheJMeter_core.jar:5.6.3]
	at org.apache.jmeter.modifiers.JSR223PreProcessor.process(JSR223PreProcessor.java:45) [ApacheJMeter_components.jar:5.6.3]
	at org.apache.jmeter.threads.JMeterThread.runPreProcessors(JMeterThread.java:983) [ApacheJMeter_core.jar:5.6.3]
	at org.apache.jmeter.threads.JMeterThread.executeSamplePackage(JMeterThread.java:561) [ApacheJMeter_core.jar:5.6.3]
	at org.apache.jmeter.threads.JMeterThread.processSampler(JMeterThread.java:501) [ApacheJMeter_core.jar:5.6.3]
	at org.apache.jmeter.threads.JMeterThread.run(JMeterThread.java:268) [ApacheJMeter_core.jar:5.6.3]
	at java.base/java.lang.Thread.run(Thread.java:840) [?:?]
Caused by: java.lang.IllegalStateException: LOADTESTLINK must contain both c= and e= parameters, got: https://order.smartone.com/jsp/smartpass/english/customer.jsp?tm=20260911_0859
	at java.base/jdk.internal.reflect.GeneratedConstructorAccessor47.newInstance(Unknown Source) ~[?:?]
	at java.base/jdk.internal.reflect.DelegatingConstructorAccessorImpl.newInstance(DelegatingConstructorAccessorImpl.java:45) ~[?:?]
	at java.base/java.lang.reflect.Constructor.newInstanceWithCaller(Constructor.java:500) ~[?:?]
	at java.base/java.lang.reflect.Constructor.newInstance(Constructor.java:481) ~[?:?]
	at org.codehaus.groovy.reflection.CachedConstructor.invoke(CachedConstructor.java:72) ~[groovy-3.0.20.jar:3.0.20]
	at org.codehaus.groovy.runtime.callsite.ConstructorSite$ConstructorSiteNoUnwrapNoCoerce.callConstructor(ConstructorSite.java:105) ~[groovy-3.0.20.jar:3.0.20]
	at org.codehaus.groovy.runtime.callsite.AbstractCallSite.callConstructor(AbstractCallSite.java:277) ~[groovy-3.0.20.jar:3.0.20]
	at Script1.run(Script1.groovy:12) ~[?:?]
	at org.codehaus.groovy.jsr223.GroovyScriptEngineImpl.eval(GroovyScriptEngineImpl.java:317) ~[groovy-jsr223-3.0.20.jar:3.0.20]
	... 9 more
2026-09-10 03:12:23,750 INFO o.a.j.s.TestAction: Stopping current thread from element Stop Test
2026-09-10 03:12:23,750 INFO o.a.j.t.JMeterThread: Stopping: Normal Flow Group 1-19
2026-09-10 03:12:23,750 INFO o.a.j.t.JMeterThread: Thread finished: Normal Flow Group 1-19
2026-09-10 03:12:25,212 INFO o.a.j.t.JMeterThread: Thread started: Normal Flow Group 1-20
2026-09-10 03:12:25,213 ERROR o.a.j.m.JSR223PreProcessor: Problem in JSR223 script, Extracting Test Variables
javax.script.ScriptException: java.lang.IllegalStateException: LOADTESTLINK must contain both c= and e= parameters, got: https://order.smartone.com/jsp/smartpass/english/customer.jsp?tm=20260911_0859
	at org.codehaus.groovy.jsr223.GroovyScriptEngineImpl.eval(GroovyScriptEngineImpl.java:320) ~[groovy-jsr223-3.0.20.jar:3.0.20]
	at org.codehaus.groovy.jsr223.GroovyCompiledScript.eval(GroovyCompiledScript.java:71) ~[groovy-jsr223-3.0.20.jar:3.0.20]
	at java.scripting/javax.script.CompiledScript.eval(CompiledScript.java:93) ~[java.scripting:?]
	at org.apache.jmeter.util.JSR223TestElement.processFileOrScript(JSR223TestElement.java:230) ~[ApacheJMeter_core.jar:5.6.3]
	at org.apache.jmeter.modifiers.JSR223PreProcessor.process(JSR223PreProcessor.java:45) [ApacheJMeter_components.jar:5.6.3]
	at org.apache.jmeter.threads.JMeterThread.runPreProcessors(JMeterThread.java:983) [ApacheJMeter_core.jar:5.6.3]
	at org.apache.jmeter.threads.JMeterThread.executeSamplePackage(JMeterThread.java:561) [ApacheJMeter_core.jar:5.6.3]
	at org.apache.jmeter.threads.JMeterThread.processSampler(JMeterThread.java:501) [ApacheJMeter_core.jar:5.6.3]
	at org.apache.jmeter.threads.JMeterThread.run(JMeterThread.java:268) [ApacheJMeter_core.jar:5.6.3]
	at java.base/java.lang.Thread.run(Thread.java:840) [?:?]
Caused by: java.lang.IllegalStateException: LOADTESTLINK must contain both c= and e= parameters, got: https://order.smartone.com/jsp/smartpass/english/customer.jsp?tm=20260911_0859
	at java.base/jdk.internal.reflect.GeneratedConstructorAccessor47.newInstance(Unknown Source) ~[?:?]
	at java.base/jdk.internal.reflect.DelegatingConstructorAccessorImpl.newInstance(DelegatingConstructorAccessorImpl.java:45) ~[?:?]
	at java.base/java.lang.reflect.Constructor.newInstanceWithCaller(Constructor.java:500) ~[?:?]
	at java.base/java.lang.reflect.Constructor.newInstance(Constructor.java:481) ~[?:?]
	at org.codehaus.groovy.reflection.CachedConstructor.invoke(CachedConstructor.java:72) ~[groovy-3.0.20.jar:3.0.20]
	at org.codehaus.groovy.runtime.callsite.ConstructorSite$ConstructorSiteNoUnwrapNoCoerce.callConstructor(ConstructorSite.java:105) ~[groovy-3.0.20.jar:3.0.20]
	at org.codehaus.groovy.runtime.callsite.AbstractCallSite.callConstructor(AbstractCallSite.java:277) ~[groovy-3.0.20.jar:3.0.20]
	at Script1.run(Script1.groovy:12) ~[?:?]
	at org.codehaus.groovy.jsr223.GroovyScriptEngineImpl.eval(GroovyScriptEngineImpl.java:317) ~[groovy-jsr223-3.0.20.jar:3.0.20]
	... 9 more
2026-09-10 03:12:25,237 ERROR o.a.j.m.JSR223PreProcessor: Problem in JSR223 script, Extracting Test Variables
javax.script.ScriptException: java.lang.IllegalStateException: LOADTESTLINK must contain both c= and e= parameters, got: https://order.smartone.com/jsp/smartpass/english/customer.jsp?tm=20260911_0859
	at org.codehaus.groovy.jsr223.GroovyScriptEngineImpl.eval(GroovyScriptEngineImpl.java:320) ~[groovy-jsr223-3.0.20.jar:3.0.20]
	at org.codehaus.groovy.jsr223.GroovyCompiledScript.eval(GroovyCompiledScript.java:71) ~[groovy-jsr223-3.0.20.jar:3.0.20]
	at java.scripting/javax.script.CompiledScript.eval(CompiledScript.java:93) ~[java.scripting:?]
	at org.apache.jmeter.util.JSR223TestElement.processFileOrScript(JSR223TestElement.java:230) ~[ApacheJMeter_core.jar:5.6.3]
	at org.apache.jmeter.modifiers.JSR223PreProcessor.process(JSR223PreProcessor.java:45) [ApacheJMeter_components.jar:5.6.3]
	at org.apache.jmeter.threads.JMeterThread.runPreProcessors(JMeterThread.java:983) [ApacheJMeter_core.jar:5.6.3]
	at org.apache.jmeter.threads.JMeterThread.executeSamplePackage(JMeterThread.java:561) [ApacheJMeter_core.jar:5.6.3]
	at org.apache.jmeter.threads.JMeterThread.processSampler(JMeterThread.java:501) [ApacheJMeter_core.jar:5.6.3]
	at org.apache.jmeter.threads.JMeterThread.run(JMeterThread.java:268) [ApacheJMeter_core.jar:5.6.3]
	at java.base/java.lang.Thread.run(Thread.java:840) [?:?]
Caused by: java.lang.IllegalStateException: LOADTESTLINK must contain both c= and e= parameters, got: https://order.smartone.com/jsp/smartpass/english/customer.jsp?tm=20260911_0859
	at java.base/jdk.internal.reflect.GeneratedConstructorAccessor47.newInstance(Unknown Source) ~[?:?]
	at java.base/jdk.internal.reflect.DelegatingConstructorAccessorImpl.newInstance(DelegatingConstructorAccessorImpl.java:45) ~[?:?]
	at java.base/java.lang.reflect.Constructor.newInstanceWithCaller(Constructor.java:500) ~[?:?]
	at java.base/java.lang.reflect.Constructor.newInstance(Constructor.java:481) ~[?:?]
	at org.codehaus.groovy.reflection.CachedConstructor.invoke(CachedConstructor.java:72) ~[groovy-3.0.20.jar:3.0.20]
	at org.codehaus.groovy.runtime.callsite.ConstructorSite$ConstructorSiteNoUnwrapNoCoerce.callConstructor(ConstructorSite.java:105) ~[groovy-3.0.20.jar:3.0.20]
	at org.codehaus.groovy.runtime.callsite.AbstractCallSite.callConstructor(AbstractCallSite.java:277) ~[groovy-3.0.20.jar:3.0.20]
	at Script1.run(Script1.groovy:12) ~[?:?]
	at org.codehaus.groovy.jsr223.GroovyScriptEngineImpl.eval(GroovyScriptEngineImpl.java:317) ~[groovy-jsr223-3.0.20.jar:3.0.20]
	... 9 more
2026-09-10 03:12:25,240 ERROR o.a.j.m.JSR223PreProcessor: Problem in JSR223 script, Extracting Test Variables
javax.script.ScriptException: java.lang.IllegalStateException: LOADTESTLINK must contain both c= and e= parameters, got: https://order.smartone.com/jsp/smartpass/english/customer.jsp?tm=20260911_0859
	at org.codehaus.groovy.jsr223.GroovyScriptEngineImpl.eval(GroovyScriptEngineImpl.java:320) ~[groovy-jsr223-3.0.20.jar:3.0.20]
	at org.codehaus.groovy.jsr223.GroovyCompiledScript.eval(GroovyCompiledScript.java:71) ~[groovy-jsr223-3.0.20.jar:3.0.20]
	at java.scripting/javax.script.CompiledScript.eval(CompiledScript.java:93) ~[java.scripting:?]
	at org.apache.jmeter.util.JSR223TestElement.processFileOrScript(JSR223TestElement.java:230) ~[ApacheJMeter_core.jar:5.6.3]
	at org.apache.jmeter.modifiers.JSR223PreProcessor.process(JSR223PreProcessor.java:45) [ApacheJMeter_components.jar:5.6.3]
	at org.apache.jmeter.threads.JMeterThread.runPreProcessors(JMeterThread.java:983) [ApacheJMeter_core.jar:5.6.3]
	at org.apache.jmeter.threads.JMeterThread.executeSamplePackage(JMeterThread.java:561) [ApacheJMeter_core.jar:5.6.3]
	at org.apache.jmeter.threads.JMeterThread.processSampler(JMeterThread.java:501) [ApacheJMeter_core.jar:5.6.3]
	at org.apache.jmeter.threads.JMeterThread.run(JMeterThread.java:268) [ApacheJMeter_core.jar:5.6.3]
	at java.base/java.lang.Thread.run(Thread.java:840) [?:?]
Caused by: java.lang.IllegalStateException: LOADTESTLINK must contain both c= and e= parameters, got: https://order.smartone.com/jsp/smartpass/english/customer.jsp?tm=20260911_0859
	at java.base/jdk.internal.reflect.GeneratedConstructorAccessor47.newInstance(Unknown Source) ~[?:?]
	at java.base/jdk.internal.reflect.DelegatingConstructorAccessorImpl.newInstance(DelegatingConstructorAccessorImpl.java:45) ~[?:?]
	at java.base/java.lang.reflect.Constructor.newInstanceWithCaller(Constructor.java:500) ~[?:?]
	at java.base/java.lang.reflect.Constructor.newInstance(Constructor.java:481) ~[?:?]
	at org.codehaus.groovy.reflection.CachedConstructor.invoke(CachedConstructor.java:72) ~[groovy-3.0.20.jar:3.0.20]
	at org.codehaus.groovy.runtime.callsite.ConstructorSite$ConstructorSiteNoUnwrapNoCoerce.callConstructor(ConstructorSite.java:105) ~[groovy-3.0.20.jar:3.0.20]
	at org.codehaus.groovy.runtime.callsite.AbstractCallSite.callConstructor(AbstractCallSite.java:277) ~[groovy-3.0.20.jar:3.0.20]
	at Script1.run(Script1.groovy:12) ~[?:?]
	at org.codehaus.groovy.jsr223.GroovyScriptEngineImpl.eval(GroovyScriptEngineImpl.java:317) ~[groovy-jsr223-3.0.20.jar:3.0.20]
	... 9 more
2026-09-10 03:12:25,242 ERROR o.a.j.m.JSR223PreProcessor: Problem in JSR223 script, Extracting Test Variables
javax.script.ScriptException: java.lang.IllegalStateException: LOADTESTLINK must contain both c= and e= parameters, got: https://order.smartone.com/jsp/smartpass/english/customer.jsp?tm=20260911_0859
	at org.codehaus.groovy.jsr223.GroovyScriptEngineImpl.eval(GroovyScriptEngineImpl.java:320) ~[groovy-jsr223-3.0.20.jar:3.0.20]
	at org.codehaus.groovy.jsr223.GroovyCompiledScript.eval(GroovyCompiledScript.java:71) ~[groovy-jsr223-3.0.20.jar:3.0.20]
	at java.scripting/javax.script.CompiledScript.eval(CompiledScript.java:93) ~[java.scripting:?]
	at org.apache.jmeter.util.JSR223TestElement.processFileOrScript(JSR223TestElement.java:230) ~[ApacheJMeter_core.jar:5.6.3]
	at org.apache.jmeter.modifiers.JSR223PreProcessor.process(JSR223PreProcessor.java:45) [ApacheJMeter_components.jar:5.6.3]
	at org.apache.jmeter.threads.JMeterThread.runPreProcessors(JMeterThread.java:983) [ApacheJMeter_core.jar:5.6.3]
	at org.apache.jmeter.threads.JMeterThread.executeSamplePackage(JMeterThread.java:561) [ApacheJMeter_core.jar:5.6.3]
	at org.apache.jmeter.threads.JMeterThread.processSampler(JMeterThread.java:501) [ApacheJMeter_core.jar:5.6.3]
	at org.apache.jmeter.threads.JMeterThread.run(JMeterThread.java:268) [ApacheJMeter_core.jar:5.6.3]
	at java.base/java.lang.Thread.run(Thread.java:840) [?:?]
Caused by: java.lang.IllegalStateException: LOADTESTLINK must contain both c= and e= parameters, got: https://order.smartone.com/jsp/smartpass/english/customer.jsp?tm=20260911_0859
	at java.base/jdk.internal.reflect.GeneratedConstructorAccessor47.newInstance(Unknown Source) ~[?:?]
	at java.base/jdk.internal.reflect.DelegatingConstructorAccessorImpl.newInstance(DelegatingConstructorAccessorImpl.java:45) ~[?:?]
	at java.base/java.lang.reflect.Constructor.newInstanceWithCaller(Constructor.java:500) ~[?:?]
	at java.base/java.lang.reflect.Constructor.newInstance(Constructor.java:481) ~[?:?]
	at org.codehaus.groovy.reflection.CachedConstructor.invoke(CachedConstructor.java:72) ~[groovy-3.0.20.jar:3.0.20]
	at org.codehaus.groovy.runtime.callsite.ConstructorSite$ConstructorSiteNoUnwrapNoCoerce.callConstructor(ConstructorSite.java:105) ~[groovy-3.0.20.jar:3.0.20]
	at org.codehaus.groovy.runtime.callsite.AbstractCallSite.callConstructor(AbstractCallSite.java:277) ~[groovy-3.0.20.jar:3.0.20]
	at Script1.run(Script1.groovy:12) ~[?:?]
	at org.codehaus.groovy.jsr223.GroovyScriptEngineImpl.eval(GroovyScriptEngineImpl.java:317) ~[groovy-jsr223-3.0.20.jar:3.0.20]
	... 9 more
2026-09-10 03:12:25,242 INFO o.a.j.s.TestAction: Stopping current thread from element Stop Test
2026-09-10 03:12:25,242 INFO o.a.j.t.JMeterThread: Stopping: Normal Flow Group 1-20
2026-09-10 03:12:25,242 INFO o.a.j.t.JMeterThread: Thread finished: Normal Flow Group 1-20
2026-09-10 03:12:25,243 INFO o.a.j.e.StandardJMeterEngine: Notifying test listeners of end of test
2026-09-10 03:12:25,246 INFO o.a.j.r.Summariser: summary +     50 in 00:00:24 =    2.1/s Avg:     9 Min:     0 Max:    49 Err:    33 (66.00%) Active: 0 Started: 20 Finished: 20
2026-09-10 03:12:25,246 INFO o.a.j.r.Summariser: summary =     60 in 00:00:29 =    2.1/s Avg:    15 Min:     0 Max:   384 Err:    40 (66.67%)
