userId,jobType,priority
user_00001,export,2
user_00002,report,1
user_00003,email,2
user_00004,thumbnail,3
user_00005,export,5
user_00006,export,5
user_00007,index,5
user_00008,email,1
user_00009,thumbnail,4
user_00010,export,1
user_00011,report,4
user_00012,export,3
user_00013,email,1
user_00014,export,1
user_00015,thumbnail,5
user_00016,email,5
user_00017,report,2
user_00018,report,5
user_00019,index,4
user_00020,thumbnail,2
user_00021,index,3
user_00022,email,3
user_00023,report,2
user_00024,index,5
user_00025,email,4
user_00026,thumbnail,2
user_00027,report,4
user_00028,email,1
user_00029,index,5
user_00030,index,5
user_00031,thumbnail,4
user_00032,report,1
user_00033,report,5
user_00034,index,3
user_00035,report,2
user_00036,thumbnail,1
user_00037,export,2
user_00038,email,3
user_00039,thumbnail,3
user_00040,email,5
user_00041,thumbnail,3
user_00042,index,3
user_00043,export,1
user_00044,report,1
user_00045,thumbnail,4
user_00046,report,1
user_00047,email,4
user_00048,thumbnail,3
user_00049,export,2
user_00050,email,4
user_00051,email,1
user_00052,thumbnail,1
user_00053,export,2
user_00054,index,1
user_00055,export,3
user_00056,index,2
user_00057,export,1
user_00058,email,2
user_00059,report,1
user_00060,report,5
user_00061,export,2
user_00062,report,5
user_00063,thumbnail,1
user_00064,thumbnail,3
user_00065,thumbnail,2
user_00066,email,3
user_00067,thumbnail,2
user_00068,export,1
user_00069,email,5
user_00070,email,5
user_00071,index,5
user_00072,email,2
user_00073,export,4
user_00074,thumbnail,1
user_00075,email,2
user_00076,export,3
user_00077,email,1
user_00078,index,1
user_00079,index,3
user_00080,export,3
user_00081,report,1
user_00082,email,5
user_00083,index,5
user_00084,report,1
user_00085,export,4
user_00086,export,1
user_00087,export,5
user_00088,export,1
user_00089,export,5
user_00090,export,3
user_00091,thumbnail,4
user_00092,report,2
user_00093,email,1
user_00094,report,3
user_00095,index,1
user_00096,index,2
user_00097,thumbnail,1
user_00098,thumbnail,3
user_00099,email,3
user_00100,index,3
user_00101,index,2
user_00102,export,5
user_00103,index,1
user_00104,export,4
user_00105,report,4
user_00106,index,2
user_00107,thumbnail,2
user_00108,report,2
user_00109,thumbnail,2
user_00110,export,3
user_00111,index,1
user_00112,email,5
user_00113,email,4
user_00114,thumbnail,4
user_00115,email,5
user_00116,export,5
user_00117,thumbnail,2
user_00118,export,2
user_00119,thumbnail,4
user_00120,email,2
user_00121,thumbnail,1
user_00122,report,5
user_00123,export,3
user_00124,email,2
user_00125,index,2
user_00126,thumbnail,3
user_00127,report,2
user_00128,email,1
user_00129,report,3
user_00130,index,2
user_00131,export,4
user_00132,export,2
user_00133,thumbnail,2
user_00134,email,3
user_00135,email,5
user_00136,report,1
user_00137,email,3
user_00138,report,5
user_00139,email,5
user_00140,report,2
user_00141,export,5
user_00142,index,2
user_00143,email,5
user_00144,email,2
user_00145,export,3
user_00146,index,1
user_00147,index,5
user_00148,index,2
user_00149,export,5
user_00150,export,5
user_00151,email,2
user_00152,report,4
user_00153,email,5
user_00154,email,2
user_00155,export,2
user_00156,email,5
user_00157,thumbnail,3
user_00158,export,5
user_00159,thumbnail,4
user_00160,export,2
user_00161,email,5
user_00162,thumbnail,4
user_00163,email,5
user_00164,index,1
user_00165,report,4
user_00166,email,2
user_00167,thumbnail,2
user_00168,export,4
user_00169,thumbnail,2
user_00170,email,1
user_00171,index,1
user_00172,export,5
user_00173,email,4
user_00174,index,5
user_00175,export,2
user_00176,email,2
user_00177,index,3
user_00178,report,2
user_00179,report,1
user_00180,export,4
user_00181,report,3
user_00182,email,2
user_00183,email,2
user_00184,thumbnail,3
user_00185,thumbnail,2
user_00186,report,4
user_00187,email,3
user_00188,email,1
user_00189,export,3
user_00190,export,2
user_00191,index,3
user_00192,export,4
user_00193,report,2
user_00194,export,4
user_00195,index,1
user_00196,email,4
user_00197,thumbnail,3
user_00198,thumbnail,3
user_00199,export,5
user_00200,email,2
user_00201,export,4
user_00202,report,1
user_00203,export,5
user_00204,report,1
user_00205,export,5
user_00206,index,1
user_00207,thumbnail,3
user_00208,thumbnail,4
user_00209,export,5
user_00210,report,1
user_00211,index,3
user_00212,export,1
user_00213,index,1
user_00214,export,5
user_00215,report,4
user_00216,email,1
user_00217,export,2
user_00218,email,5
user_00219,export,4
user_00220,report,4
user_00221,email,2
user_00222,index,4
user_00223,export,3
user_00224,email,2
user_00225,index,4
user_00226,index,2
user_00227,email,4
user_00228,report,5
user_00229,email,2
user_00230,email,5
user_00231,index,4
user_00232,report,3
user_00233,index,1
user_00234,index,4
user_00235,index,5
user_00236,report,1
user_00237,index,4
user_00238,export,1
user_00239,index,2
user_00240,thumbnail,3
user_00241,report,3
user_00242,report,2
user_00243,export,1
user_00244,report,4
user_00245,report,2
user_00246,email,2
user_00247,index,4
user_00248,email,3
user_00249,export,2
user_00250,export,1
user_00251,thumbnail,2
user_00252,export,5
user_00253,email,5
user_00254,thumbnail,4
user_00255,export,2
user_00256,index,5
user_00257,thumbnail,5
user_00258,index,1
user_00259,email,1
user_00260,report,4
user_00261,thumbnail,3
user_00262,index,2
user_00263,index,5
user_00264,thumbnail,2
user_00265,index,1
user_00266,thumbnail,2
user_00267,thumbnail,4
user_00268,export,5
user_00269,thumbnail,2
user_00270,email,3
user_00271,report,2
user_00272,index,2
user_00273,email,4
user_00274,email,1
user_00275,index,5
user_00276,index,5
user_00277,report,3
user_00278,thumbnail,5
user_00279,thumbnail,2
user_00280,thumbnail,3
user_00281,thumbnail,5
user_00282,report,5
user_00283,export,2
user_00284,email,2
user_00285,email,5
user_00286,email,4
user_00287,report,3
user_00288,report,5
user_00289,thumbnail,1
user_00290,export,1
user_00291,export,3
user_00292,thumbnail,5
user_00293,thumbnail,3
user_00294,report,5
user_00295,email,5
user_00296,email,5
user_00297,report,5
user_00298,report,5
user_00299,report,2
user_00300,report,3
user_00301,export,5
user_00302,email,1
user_00303,report,1
user_00304,email,4
user_00305,report,3
user_00306,email,1
user_00307,report,5
user_00308,thumbnail,4
user_00309,report,2
user_00310,thumbnail,5
user_00311,export,5
user_00312,email,5
user_00313,export,2
user_00314,index,1
user_00315,export,1
user_00316,export,5
user_00317,export,5
user_00318,thumbnail,5
user_00319,index,4
user_00320,thumbnail,5
user_00321,export,1
user_00322,index,3
user_00323,index,2
user_00324,email,3
user_00325,thumbnail,1
user_00326,report,3
user_00327,export,1
user_00328,thumbnail,1
user_00329,export,1
user_00330,report,2
user_00331,report,5
user_00332,index,3
user_00333,thumbnail,4
user_00334,export,2
user_00335,thumbnail,5
user_00336,email,3
user_00337,thumbnail,5
user_00338,report,2
user_00339,export,3
user_00340,index,2
user_00341,thumbnail,5
user_00342,report,1
user_00343,report,3
user_00344,report,1
user_00345,email,1
user_00346,thumbnail,5
user_00347,email,4
user_00348,report,2
user_00349,report,4
user_00350,export,5
user_00351,email,4
user_00352,index,3
user_00353,report,3
user_00354,thumbnail,5
user_00355,report,2
user_00356,email,1
user_00357,report,5
user_00358,export,3
user_00359,report,1
user_00360,export,2
user_00361,index,2
user_00362,index,2
user_00363,email,5
user_00364,index,5
user_00365,thumbnail,4
user_00366,export,1
user_00367,email,1
user_00368,thumbnail,5
user_00369,index,2
user_00370,thumbnail,5
user_00371,thumbnail,5
user_00372,thumbnail,4
user_00373,thumbnail,4
user_00374,index,1
user_00375,thumbnail,5
user_00376,index,4
user_00377,report,4
user_00378,email,4
user_00379,export,4
user_00380,export,3
user_00381,index,2
user_00382,email,3
user_00383,export,3
user_00384,export,4
user_00385,email,4
user_00386,index,4
user_00387,export,3
user_00388,email,5
user_00389,export,2
user_00390,export,5
user_00391,email,4
user_00392,report,4
user_00393,email,4
user_00394,thumbnail,2
user_00395,thumbnail,3
user_00396,export,1
user_00397,thumbnail,5
user_00398,thumbnail,2
user_00399,index,3
user_00400,report,3
user_00401,thumbnail,3
user_00402,report,4
user_00403,index,4
user_00404,export,2
user_00405,thumbnail,2
user_00406,email,3
user_00407,report,5
user_00408,report,3
user_00409,thumbnail,1
user_00410,report,1
user_00411,index,5
user_00412,export,2
user_00413,email,1
user_00414,thumbnail,3
user_00415,index,4
user_00416,email,3
user_00417,email,1
user_00418,report,3
user_00419,export,5
user_00420,email,1
user_00421,export,5
user_00422,export,3
user_00423,export,5
user_00424,index,4
user_00425,export,3
user_00426,thumbnail,1
user_00427,index,1
user_00428,report,3
user_00429,index,1
user_00430,export,4
user_00431,email,2
user_00432,index,3
user_00433,thumbnail,4
user_00434,report,2
user_00435,thumbnail,5
user_00436,email,5
user_00437,report,2
user_00438,export,5
user_00439,email,2
user_00440,export,5
user_00441,index,1
user_00442,thumbnail,1
user_00443,report,3
user_00444,export,2
user_00445,report,3
user_00446,thumbnail,2
user_00447,index,4
user_00448,report,1
user_00449,report,2
user_00450,index,3
user_00451,index,3
user_00452,thumbnail,4
user_00453,export,3
user_00454,report,2
user_00455,export,2
user_00456,email,3
user_00457,thumbnail,2
user_00458,index,3
user_00459,thumbnail,3
user_00460,report,1
user_00461,index,5
user_00462,index,1
user_00463,email,4
user_00464,email,4
user_00465,report,2
user_00466,export,1
user_00467,export,4
user_00468,email,1
user_00469,export,2
user_00470,export,5
user_00471,export,2
user_00472,email,2
user_00473,thumbnail,4
user_00474,export,4
user_00475,report,1
user_00476,thumbnail,2
user_00477,thumbnail,3
user_00478,export,3
user_00479,export,1
user_00480,index,2
user_00481,index,2
user_00482,email,1
user_00483,email,3
user_00484,thumbnail,3
user_00485,thumbnail,1
user_00486,index,3
user_00487,index,2
user_00488,export,3
user_00489,thumbnail,1
user_00490,index,3
user_00491,export,1
user_00492,email,1
user_00493,email,4
user_00494,email,4
user_00495,report,3
user_00496,report,5
user_00497,report,4
user_00498,export,5
user_00499,index,1
user_00500,report,4
user_00501,thumbnail,1
user_00502,index,5
user_00503,index,3
user_00504,export,3
user_00505,email,3
user_00506,export,1
user_00507,report,2
user_00508,thumbnail,1
user_00509,email,4
user_00510,index,5
user_00511,thumbnail,2
user_00512,index,1
user_00513,export,1
user_00514,export,3
user_00515,report,3
user_00516,thumbnail,4
user_00517,thumbnail,4
user_00518,report,4
user_00519,thumbnail,3
user_00520,email,1
user_00521,export,2
user_00522,email,5
user_00523,report,5
user_00524,email,2
user_00525,email,5
user_00526,thumbnail,3
user_00527,index,4
user_00528,export,5
user_00529,email,4
user_00530,index,1
user_00531,index,2
user_00532,email,1
user_00533,export,3
user_00534,report,5
user_00535,export,2
user_00536,email,5
user_00537,thumbnail,3
user_00538,email,1
user_00539,email,2
user_00540,index,4
user_00541,email,5
user_00542,report,4
user_00543,email,4
user_00544,thumbnail,5
user_00545,report,1
user_00546,thumbnail,4
user_00547,export,4
user_00548,report,3
user_00549,thumbnail,5
user_00550,index,5
user_00551,report,2
user_00552,report,2
user_00553,email,3
user_00554,report,3
user_00555,export,4
user_00556,email,5
user_00557,report,1
user_00558,email,1
user_00559,index,3
user_00560,export,1
user_00561,email,1
user_00562,thumbnail,5
user_00563,report,1
user_00564,email,5
user_00565,index,2
user_00566,email,2
user_00567,export,2
user_00568,export,4
user_00569,thumbnail,3
user_00570,index,4
user_00571,email,5
user_00572,report,2
user_00573,index,5
user_00574,export,4
user_00575,report,2
user_00576,thumbnail,3
user_00577,report,4
user_00578,index,4
user_00579,index,5
user_00580,thumbnail,5
user_00581,export,3
user_00582,export,3
user_00583,thumbnail,2
user_00584,export,2
user_00585,report,3
user_00586,index,3
user_00587,export,4
user_00588,export,1
user_00589,email,1
user_00590,export,5
user_00591,thumbnail,3
user_00592,report,3
user_00593,report,5
user_00594,index,4
user_00595,email,3
user_00596,report,5
user_00597,export,4
user_00598,report,4
user_00599,index,4
user_00600,index,5
user_00601,email,4
user_00602,report,3
user_00603,index,3
user_00604,index,1
user_00605,export,2
user_00606,email,5
user_00607,email,3
user_00608,index,3
user_00609,email,2
user_00610,email,2
user_00611,index,2
user_00612,index,5
user_00613,index,5
user_00614,report,4
user_00615,email,1
user_00616,email,4
user_00617,index,4
user_00618,report,3
user_00619,email,1
user_00620,export,4
user_00621,report,4
user_00622,export,1
user_00623,report,5
user_00624,export,2
user_00625,export,1
user_00626,export,2
user_00627,thumbnail,4
user_00628,email,5
user_00629,email,3
user_00630,index,5
user_00631,index,1
user_00632,thumbnail,3
user_00633,email,3
user_00634,report,3
user_00635,index,2
user_00636,email,3
user_00637,thumbnail,3
user_00638,email,5
user_00639,report,2
user_00640,thumbnail,2
user_00641,report,3
user_00642,report,4
user_00643,email,2
user_00644,email,2
user_00645,email,5
user_00646,index,3
user_00647,report,2
user_00648,email,5
user_00649,thumbnail,2
user_00650,index,1
user_00651,email,4
user_00652,email,4
user_00653,report,4
user_00654,report,3
user_00655,email,2
user_00656,report,3
user_00657,thumbnail,1
user_00658,export,1
user_00659,email,3
user_00660,thumbnail,1
user_00661,thumbnail,2
user_00662,export,1
user_00663,export,4
user_00664,report,1
user_00665,export,1
user_00666,report,2
user_00667,export,3
user_00668,index,5
user_00669,thumbnail,5
user_00670,index,3
user_00671,export,5
user_00672,index,4
user_00673,index,4
user_00674,email,5
user_00675,export,4
user_00676,email,2
user_00677,export,5
user_00678,thumbnail,3
user_00679,index,1
user_00680,email,4
user_00681,email,4
user_00682,index,5
user_00683,thumbnail,3
user_00684,index,2
user_00685,report,2
user_00686,index,4
user_00687,email,2
user_00688,export,4
user_00689,report,2
user_00690,report,4
user_00691,thumbnail,5
user_00692,email,4
user_00693,index,5
user_00694,index,4
user_00695,index,3
user_00696,email,4
user_00697,index,2
user_00698,export,4
user_00699,report,4
user_00700,export,1
user_00701,index,1
user_00702,report,1
user_00703,email,4
user_00704,thumbnail,2
user_00705,thumbnail,2
user_00706,report,1
user_00707,email,2
user_00708,index,2
user_00709,index,5
user_00710,index,3
user_00711,export,2
user_00712,index,5
user_00713,report,4
user_00714,thumbnail,1
user_00715,thumbnail,4
user_00716,email,5
user_00717,export,4
user_00718,index,3
user_00719,index,5
user_00720,thumbnail,4
user_00721,thumbnail,2
user_00722,email,5
user_00723,thumbnail,3
user_00724,report,1
user_00725,report,2
user_00726,email,1
user_00727,export,5
user_00728,report,3
user_00729,report,3
user_00730,export,3
user_00731,export,3
user_00732,email,1
user_00733,report,5
user_00734,thumbnail,2
user_00735,email,2
user_00736,thumbnail,1
user_00737,report,4
user_00738,thumbnail,1
user_00739,email,1
user_00740,export,4
user_00741,email,3
user_00742,thumbnail,5
user_00743,thumbnail,5
user_00744,export,1
user_00745,email,5
user_00746,export,4
user_00747,export,4
user_00748,index,1
user_00749,index,2
user_00750,thumbnail,5
user_00751,index,3
user_00752,report,2
user_00753,export,5
user_00754,email,5
user_00755,report,1
user_00756,email,3
user_00757,export,1
user_00758,export,2
user_00759,report,5
user_00760,report,4
user_00761,export,4
user_00762,index,3
user_00763,report,4
user_00764,export,3
user_00765,export,5
user_00766,email,4
user_00767,report,1
user_00768,export,3
user_00769,report,5
user_00770,export,4
user_00771,report,2
user_00772,thumbnail,1
user_00773,thumbnail,1
user_00774,email,2
user_00775,export,3
user_00776,report,5
user_00777,export,2
user_00778,thumbnail,5
user_00779,thumbnail,3
user_00780,email,4
user_00781,index,5
user_00782,report,1
user_00783,index,1
user_00784,email,2
user_00785,email,5
user_00786,report,2
user_00787,export,2
user_00788,report,1
user_00789,export,2
user_00790,export,2
user_00791,thumbnail,1
user_00792,export,1
user_00793,export,2
user_00794,report,1
user_00795,email,1
user_00796,email,5
user_00797,export,1
user_00798,email,1
user_00799,thumbnail,1
user_00800,export,1
user_00801,email,3
user_00802,export,2
user_00803,thumbnail,5
user_00804,report,4
user_00805,report,3
user_00806,email,1
user_00807,report,1
user_00808,thumbnail,1
user_00809,email,2
user_00810,index,4
user_00811,index,3
user_00812,export,2
user_00813,email,3
user_00814,index,3
user_00815,index,1
user_00816,index,1
user_00817,thumbnail,1
user_00818,email,4
user_00819,email,5
user_00820,export,4
user_00821,report,3
user_00822,export,3
user_00823,export,5
user_00824,thumbnail,4
user_00825,export,5
user_00826,report,1
user_00827,thumbnail,3
user_00828,index,3
user_00829,thumbnail,5
user_00830,export,4
user_00831,email,2
user_00832,index,5
user_00833,report,5
user_00834,export,3
user_00835,thumbnail,5
user_00836,export,5
user_00837,index,4
user_00838,export,5
user_00839,export,2
user_00840,report,2
user_00841,email,1
user_00842,index,4
user_00843,export,3
user_00844,report,1
user_00845,export,2
user_00846,export,5
user_00847,index,5
user_00848,index,5
user_00849,thumbnail,3
user_00850,export,5
user_00851,email,5
user_00852,export,5
user_00853,email,1
user_00854,export,4
user_00855,report,4
user_00856,email,2
user_00857,export,5
user_00858,report,2
user_00859,index,4
user_00860,report,3
user_00861,email,2
user_00862,email,2
user_00863,export,1
user_00864,email,1
user_00865,thumbnail,4
user_00866,index,5
user_00867,report,2
user_00868,index,3
user_00869,report,1
user_00870,export,1
user_00871,export,5
user_00872,index,4
user_00873,email,3
user_00874,thumbnail,4
user_00875,export,1
user_00876,email,5
user_00877,export,2
user_00878,thumbnail,5
user_00879,thumbnail,4
user_00880,export,5
user_00881,index,3
user_00882,report,4
user_00883,report,5
user_00884,report,1
user_00885,report,3
user_00886,export,1
user_00887,report,2
user_00888,index,4
user_00889,report,3
user_00890,thumbnail,4
user_00891,export,1
user_00892,index,4
user_00893,email,2
user_00894,email,2
user_00895,email,1
user_00896,thumbnail,2
user_00897,export,1
user_00898,email,2
user_00899,index,3
user_00900,index,1
user_00901,thumbnail,3
user_00902,email,1
user_00903,index,1
user_00904,report,4
user_00905,thumbnail,5
user_00906,email,2
user_00907,email,4
user_00908,report,1
user_00909,report,4
user_00910,report,2
user_00911,thumbnail,2
user_00912,thumbnail,5
user_00913,thumbnail,3
user_00914,index,4
user_00915,report,4
user_00916,email,3
user_00917,index,5
user_00918,thumbnail,5
user_00919,email,5
user_00920,index,4
user_00921,export,3
user_00922,report,4
user_00923,index,5
user_00924,index,4
user_00925,index,5
user_00926,report,3
user_00927,thumbnail,5
user_00928,report,3
user_00929,email,2
user_00930,email,3
user_00931,email,4
user_00932,thumbnail,3
user_00933,thumbnail,5
user_00934,export,3
user_00935,report,2
user_00936,export,3
user_00937,thumbnail,1
user_00938,thumbnail,5
user_00939,thumbnail,4
user_00940,report,3
user_00941,thumbnail,5
user_00942,index,2
user_00943,index,5
user_00944,export,3
user_00945,report,1
user_00946,index,5
user_00947,index,3
user_00948,index,4
user_00949,email,3
user_00950,thumbnail,5
user_00951,export,4
user_00952,index,3
user_00953,export,1
user_00954,email,5
user_00955,report,5
user_00956,index,2
user_00957,report,4
user_00958,index,4
user_00959,export,2
user_00960,thumbnail,1
user_00961,thumbnail,5
user_00962,report,1
user_00963,index,4
user_00964,thumbnail,3
user_00965,report,4
user_00966,email,3
user_00967,export,2
user_00968,index,4
user_00969,email,2
user_00970,thumbnail,5
user_00971,report,3
user_00972,export,3
user_00973,report,1
user_00974,email,3
user_00975,report,2
user_00976,index,5
user_00977,export,3
user_00978,export,5
user_00979,email,4
user_00980,report,4
user_00981,email,4
user_00982,export,5
user_00983,email,2
user_00984,report,5
user_00985,export,4
user_00986,report,5
user_00987,report,1
user_00988,email,3
user_00989,index,2
user_00990,report,1
user_00991,export,5
user_00992,email,2
user_00993,thumbnail,3
user_00994,index,1
user_00995,email,1
user_00996,thumbnail,4
user_00997,thumbnail,1
user_00998,index,2
user_00999,thumbnail,4
user_01000,export,1
user_01001,email,5
user_01002,email,1
user_01003,index,1
user_01004,thumbnail,4
user_01005,thumbnail,5
user_01006,export,5
user_01007,export,2
user_01008,report,3
user_01009,email,2
user_01010,index,1
user_01011,thumbnail,3
user_01012,thumbnail,2
user_01013,email,1
user_01014,index,1
user_01015,index,5
user_01016,email,4
user_01017,thumbnail,5
user_01018,report,1
user_01019,email,3
user_01020,email,4
user_01021,email,4
user_01022,index,2
user_01023,index,5
user_01024,report,5
user_01025,email,1
user_01026,email,1
user_01027,email,2
user_01028,thumbnail,2
user_01029,report,2
user_01030,index,1
user_01031,thumbnail,2
user_01032,email,2
user_01033,export,3
user_01034,export,3
user_01035,thumbnail,5
user_01036,export,1
user_01037,index,2
user_01038,thumbnail,1
user_01039,report,5
user_01040,index,2
user_01041,index,5
user_01042,index,2
user_01043,export,1
user_01044,email,2
user_01045,index,3
user_01046,export,2
user_01047,report,1
user_01048,email,1
user_01049,export,2
user_01050,email,1
user_01051,export,2
user_01052,report,2
user_01053,email,5
user_01054,thumbnail,5
user_01055,export,5
user_01056,export,4
user_01057,export,2
user_01058,report,1
user_01059,thumbnail,3
user_01060,thumbnail,4
user_01061,index,3
user_01062,email,1
user_01063,thumbnail,2
user_01064,export,1
user_01065,index,5
user_01066,thumbnail,4
user_01067,email,5
user_01068,thumbnail,2
user_01069,index,5
user_01070,export,2
user_01071,export,3
user_01072,thumbnail,4
user_01073,email,4
user_01074,email,4
user_01075,thumbnail,4
user_01076,export,3
user_01077,thumbnail,4
user_01078,export,4
user_01079,export,4
user_01080,email,3
user_01081,report,2
user_01082,index,4
user_01083,email,3
user_01084,email,4
user_01085,index,5
user_01086,report,3
user_01087,email,2
user_01088,export,2
user_01089,email,1
user_01090,export,2
user_01091,report,3
user_01092,index,2
user_01093,index,3
user_01094,export,5
user_01095,thumbnail,2
user_01096,report,5
user_01097,email,4
user_01098,export,5
user_01099,export,2
user_01100,export,1
user_01101,report,5
user_01102,report,3
user_01103,thumbnail,4
user_01104,export,3
user_01105,report,4
user_01106,email,1
user_01107,index,2
user_01108,thumbnail,1
user_01109,thumbnail,3
user_01110,index,4
user_01111,email,5
user_01112,export,4
user_01113,thumbnail,3
user_01114,thumbnail,1
user_01115,export,4
user_01116,thumbnail,3
user_01117,email,1
user_01118,thumbnail,1
user_01119,report,1
user_01120,email,1
user_01121,email,1
user_01122,index,1
user_01123,thumbnail,1
user_01124,report,2
user_01125,email,1
user_01126,report,3
user_01127,email,1
user_01128,thumbnail,1
user_01129,report,5
user_01130,email,2
user_01131,email,3
user_01132,thumbnail,5
user_01133,index,4
user_01134,report,1
user_01135,email,1
user_01136,thumbnail,4
user_01137,thumbnail,2
user_01138,export,2
user_01139,email,2
user_01140,index,5
user_01141,email,1
user_01142,export,5
user_01143,report,2
user_01144,thumbnail,4
user_01145,export,1
user_01146,index,1
user_01147,index,2
user_01148,report,1
user_01149,export,2
user_01150,thumbnail,1
user_01151,export,2
user_01152,email,5
user_01153,report,5
user_01154,thumbnail,2
user_01155,report,5
user_01156,thumbnail,4
user_01157,export,3
user_01158,thumbnail,5
user_01159,thumbnail,5
user_01160,email,2
user_01161,email,1
user_01162,index,5
user_01163,report,5
user_01164,report,3
user_01165,report,4
user_01166,thumbnail,3
user_01167,thumbnail,2
user_01168,thumbnail,2
user_01169,report,4
user_01170,index,4
user_01171,email,2
user_01172,email,1
user_01173,report,3
user_01174,export,4
user_01175,email,2
user_01176,index,4
user_01177,index,5
user_01178,report,4
user_01179,thumbnail,4
user_01180,email,3
user_01181,report,1
user_01182,export,2
user_01183,export,5
user_01184,email,1
user_01185,export,2
user_01186,thumbnail,1
user_01187,email,5
user_01188,index,3
user_01189,email,1
user_01190,thumbnail,3
user_01191,index,1
user_01192,thumbnail,5
user_01193,thumbnail,5
user_01194,index,1
user_01195,email,3
user_01196,export,3
user_01197,thumbnail,3
user_01198,email,3
user_01199,index,2
user_01200,index,1
user_01201,report,4
user_01202,export,3
user_01203,index,3
user_01204,report,2
user_01205,report,2
user_01206,report,2
user_01207,export,3
user_01208,report,4
user_01209,report,4
user_01210,export,5
user_01211,email,3
user_01212,email,1
user_01213,export,4
user_01214,export,1
user_01215,export,3
user_01216,index,1
user_01217,report,3
user_01218,email,5
user_01219,email,2
user_01220,report,5
user_01221,report,4
user_01222,email,5
user_01223,thumbnail,1
user_01224,index,2
user_01225,thumbnail,1
user_01226,export,4
user_01227,thumbnail,3
user_01228,index,1
user_01229,email,4
user_01230,thumbnail,4
user_01231,email,2
user_01232,thumbnail,5
user_01233,index,5
user_01234,thumbnail,4
user_01235,index,3
user_01236,report,1
user_01237,export,3
user_01238,index,5
user_01239,email,4
user_01240,thumbnail,4
user_01241,thumbnail,4
user_01242,email,2
user_01243,report,3
user_01244,report,5
user_01245,thumbnail,5
user_01246,index,2
user_01247,index,3
user_01248,export,1
user_01249,email,1
user_01250,index,3
user_01251,report,2
user_01252,export,5
user_01253,email,2
user_01254,index,3
user_01255,thumbnail,4
user_01256,export,4
user_01257,thumbnail,4
user_01258,email,2
user_01259,report,1
user_01260,thumbnail,1
user_01261,thumbnail,2
user_01262,thumbnail,2
user_01263,export,1
user_01264,export,4
user_01265,thumbnail,5
user_01266,email,4
user_01267,email,5
user_01268,thumbnail,4
user_01269,email,1
user_01270,thumbnail,3
user_01271,email,1
user_01272,index,1
user_01273,export,4
user_01274,index,2
user_01275,thumbnail,3
user_01276,export,2
user_01277,thumbnail,1
user_01278,email,3
user_01279,export,2
user_01280,thumbnail,5
user_01281,index,3
user_01282,index,3
user_01283,report,1
user_01284,report,2
user_01285,thumbnail,4
user_01286,email,5
user_01287,index,1
user_01288,report,4
user_01289,index,3
user_01290,export,5
user_01291,thumbnail,5
user_01292,email,3
user_01293,thumbnail,1
user_01294,export,4
user_01295,report,5
user_01296,thumbnail,4
user_01297,index,2
user_01298,email,5
user_01299,email,4
user_01300,index,2
user_01301,email,4
user_01302,report,2
user_01303,export,4
user_01304,index,1
user_01305,report,1
user_01306,export,3
user_01307,thumbnail,1
user_01308,index,4
user_01309,thumbnail,5
user_01310,export,4
user_01311,export,1
user_01312,export,3
user_01313,report,4
user_01314,export,4
user_01315,thumbnail,3
user_01316,report,2
user_01317,index,5
user_01318,email,3
user_01319,thumbnail,4
user_01320,index,5
user_01321,thumbnail,4
user_01322,thumbnail,5
user_01323,index,4
user_01324,thumbnail,2
user_01325,thumbnail,5
user_01326,report,2
user_01327,index,2
user_01328,report,3
user_01329,thumbnail,5
user_01330,thumbnail,5
user_01331,index,5
user_01332,export,3
user_01333,export,1
user_01334,report,4
user_01335,report,2
user_01336,email,3
user_01337,export,3
user_01338,email,2
user_01339,index,2
user_01340,email,4
user_01341,email,2
user_01342,thumbnail,3
user_01343,thumbnail,2
user_01344,export,3
user_01345,thumbnail,4
user_01346,export,4
user_01347,report,3
user_01348,export,5
user_01349,index,4
user_01350,report,5
user_01351,index,2
user_01352,export,5
user_01353,index,5
user_01354,export,5
user_01355,export,5
user_01356,thumbnail,1
user_01357,report,2
user_01358,report,2
user_01359,email,5
user_01360,email,5
user_01361,index,5
user_01362,thumbnail,4
user_01363,thumbnail,1
user_01364,email,1
user_01365,report,2
user_01366,report,2
user_01367,thumbnail,5
user_01368,email,4
user_01369,index,5
user_01370,thumbnail,3
user_01371,index,5
user_01372,report,2
user_01373,thumbnail,2
user_01374,index,1
user_01375,email,5
user_01376,index,4
user_01377,index,3
user_01378,thumbnail,1
user_01379,report,1
user_01380,report,1
user_01381,email,4
user_01382,report,5
user_01383,index,3
user_01384,report,5
user_01385,index,2
user_01386,index,3
user_01387,report,5
user_01388,export,2
user_01389,report,1
user_01390,index,3
user_01391,email,4
user_01392,report,2
user_01393,index,4
user_01394,report,5
user_01395,export,3
user_01396,index,1
user_01397,export,3
user_01398,email,4
user_01399,thumbnail,3
user_01400,export,3
user_01401,index,2
user_01402,export,2
user_01403,email,4
user_01404,email,1
user_01405,email,5
user_01406,export,1
user_01407,email,3
user_01408,export,1
user_01409,index,3
user_01410,index,2
user_01411,email,4
user_01412,report,1
user_01413,email,3
user_01414,email,5
user_01415,report,1
user_01416,report,4
user_01417,index,2
user_01418,report,4
user_01419,export,1
user_01420,email,1
user_01421,report,2
user_01422,index,2
user_01423,report,2
user_01424,index,5
user_01425,report,4
user_01426,index,4
user_01427,email,2
user_01428,index,1
user_01429,email,5
user_01430,thumbnail,1
user_01431,thumbnail,3
user_01432,index,5
user_01433,report,4
user_01434,thumbnail,4
user_01435,index,1
user_01436,report,1
user_01437,report,1
user_01438,thumbnail,3
user_01439,email,2
user_01440,export,1
user_01441,index,5
user_01442,thumbnail,5
user_01443,email,3
user_01444,thumbnail,4
user_01445,thumbnail,4
user_01446,email,2
user_01447,email,3
user_01448,report,5
user_01449,thumbnail,3
user_01450,thumbnail,3
user_01451,export,2
user_01452,index,3
user_01453,thumbnail,4
user_01454,report,5
user_01455,thumbnail,1
user_01456,report,1
user_01457,report,1
user_01458,export,5
user_01459,email,4
user_01460,report,5
user_01461,index,4
user_01462,thumbnail,3
user_01463,export,2
user_01464,index,4
user_01465,report,4
user_01466,index,2
user_01467,export,5
user_01468,thumbnail,4
user_01469,report,3
user_01470,thumbnail,4
user_01471,index,5
user_01472,email,4
user_01473,export,2
user_01474,report,3
user_01475,index,5
user_01476,thumbnail,3
user_01477,export,2
user_01478,email,2
user_01479,email,4
user_01480,index,5
user_01481,report,4
user_01482,export,2
user_01483,report,4
user_01484,email,3
user_01485,export,4
user_01486,email,4
user_01487,report,1
user_01488,index,1
user_01489,email,1
user_01490,thumbnail,4
user_01491,index,4
user_01492,email,3
user_01493,export,1
user_01494,email,3
user_01495,thumbnail,4
user_01496,index,1
user_01497,export,5
user_01498,export,2
user_01499,export,2
user_01500,index,3
user_01501,index,3
user_01502,index,1
user_01503,email,1
user_01504,index,2
user_01505,email,4
user_01506,index,4
user_01507,email,2
user_01508,export,4
user_01509,thumbnail,5
user_01510,thumbnail,4
user_01511,export,1
user_01512,thumbnail,1
user_01513,thumbnail,2
user_01514,report,3
user_01515,thumbnail,1
user_01516,index,1
user_01517,export,1
user_01518,email,4
user_01519,export,3
user_01520,report,2
user_01521,email,2
user_01522,email,1
user_01523,report,2
user_01524,report,3
user_01525,email,3
user_01526,index,4
user_01527,report,4
user_01528,index,5
user_01529,report,5
user_01530,export,5
user_01531,report,2
user_01532,thumbnail,3
user_01533,report,1
user_01534,index,5
user_01535,report,2
user_01536,report,1
user_01537,report,1
user_01538,index,1
user_01539,export,3
user_01540,report,4
user_01541,email,1
user_01542,export,4
user_01543,thumbnail,3
user_01544,export,3
user_01545,thumbnail,2
user_01546,email,4
user_01547,report,3
user_01548,report,3
user_01549,thumbnail,1
user_01550,thumbnail,5
user_01551,export,1
user_01552,thumbnail,2
user_01553,thumbnail,4
user_01554,report,4
user_01555,thumbnail,1
user_01556,report,1
user_01557,index,5
user_01558,email,2
user_01559,index,2
user_01560,thumbnail,3
user_01561,export,2
user_01562,report,4
user_01563,report,2
user_01564,index,1
user_01565,email,1
user_01566,email,1
user_01567,export,4
user_01568,index,2
user_01569,email,4
user_01570,thumbnail,5
user_01571,thumbnail,2
user_01572,index,5
user_01573,export,3
user_01574,export,1
user_01575,email,4
user_01576,export,5
user_01577,index,2
user_01578,email,4
user_01579,report,3
user_01580,thumbnail,1
user_01581,export,2
user_01582,export,4
user_01583,report,3
user_01584,export,2
user_01585,report,3
user_01586,report,2
user_01587,index,3
user_01588,thumbnail,4
user_01589,thumbnail,1
user_01590,thumbnail,5
user_01591,email,3
user_01592,index,4
user_01593,thumbnail,1
user_01594,report,4
user_01595,export,2
user_01596,report,3
user_01597,thumbnail,3
user_01598,index,1
user_01599,thumbnail,3
user_01600,export,2
user_01601,email,4
user_01602,report,1
user_01603,export,1
user_01604,index,4
user_01605,export,4
user_01606,email,2
user_01607,index,4
user_01608,thumbnail,2
user_01609,report,3
user_01610,index,3
user_01611,report,5
user_01612,export,3
user_01613,email,1
user_01614,index,5
user_01615,email,5
user_01616,email,3
user_01617,report,4
user_01618,export,3
user_01619,email,4
user_01620,index,2
user_01621,thumbnail,1
user_01622,thumbnail,3
user_01623,export,1
user_01624,report,2
user_01625,email,4
user_01626,export,5
user_01627,report,2
user_01628,email,1
user_01629,export,3
user_01630,thumbnail,4
user_01631,index,3
user_01632,email,5
user_01633,report,1
user_01634,email,2
user_01635,thumbnail,5
user_01636,index,5
user_01637,report,4
user_01638,index,1
user_01639,thumbnail,5
user_01640,index,2
user_01641,email,3
user_01642,index,2
user_01643,thumbnail,5
user_01644,export,3
user_01645,thumbnail,3
user_01646,report,3
user_01647,index,4
user_01648,report,4
user_01649,index,4
user_01650,index,2
user_01651,thumbnail,1
user_01652,index,4
user_01653,index,4
user_01654,email,1
user_01655,export,3
user_01656,report,1
user_01657,export,5
user_01658,report,5
user_01659,index,4
user_01660,email,5
user_01661,thumbnail,5
user_01662,export,5
user_01663,thumbnail,5
user_01664,report,1
user_01665,report,5
user_01666,email,5
user_01667,index,5
user_01668,email,3
user_01669,email,5
user_01670,thumbnail,5
user_01671,report,3
user_01672,export,3
user_01673,index,2
user_01674,thumbnail,5
user_01675,thumbnail,3
user_01676,report,1
user_01677,thumbnail,2
user_01678,export,5
user_01679,report,4
user_01680,export,2
user_01681,export,4
user_01682,thumbnail,5
user_01683,report,1
user_01684,email,5
user_01685,report,4
user_01686,thumbnail,5
user_01687,report,5
user_01688,index,5
user_01689,report,3
user_01690,index,2
user_01691,export,3
user_01692,export,2
user_01693,export,2
user_01694,thumbnail,5
user_01695,report,5
user_01696,report,2
user_01697,index,1
user_01698,export,4
user_01699,index,3
user_01700,export,2
user_01701,export,5
user_01702,report,2
user_01703,index,4
user_01704,report,2
user_01705,export,1
user_01706,report,2
user_01707,report,2
user_01708,email,3
user_01709,index,5
user_01710,email,3
user_01711,index,3
user_01712,export,3
user_01713,email,3
user_01714,export,4
user_01715,thumbnail,4
user_01716,index,3
user_01717,index,5
user_01718,report,5
user_01719,email,4
user_01720,export,3
user_01721,email,1
user_01722,index,2
user_01723,report,4
user_01724,report,4
user_01725,thumbnail,3
user_01726,export,2
user_01727,report,4
user_01728,index,3
user_01729,report,3
user_01730,report,5
user_01731,report,1
user_01732,thumbnail,1
user_01733,export,5
user_01734,email,4
user_01735,email,3
user_01736,index,2
user_01737,report,5
user_01738,index,5
user_01739,email,4
user_01740,index,4
user_01741,index,3
user_01742,thumbnail,4
user_01743,index,1
user_01744,thumbnail,3
user_01745,index,4
user_01746,report,2
user_01747,email,1
user_01748,export,3
user_01749,report,3
user_01750,thumbnail,2
user_01751,report,5
user_01752,export,5
user_01753,index,5
user_01754,thumbnail,4
user_01755,report,4
user_01756,export,2
user_01757,report,1
user_01758,report,1
user_01759,email,5
user_01760,email,2
user_01761,email,5
user_01762,index,2
user_01763,email,4
user_01764,index,5
user_01765,export,3
user_01766,email,4
user_01767,email,4
user_01768,report,1
user_01769,report,1
user_01770,thumbnail,1
user_01771,report,2
user_01772,index,3
user_01773,thumbnail,5
user_01774,report,3
user_01775,report,3
user_01776,report,2
user_01777,thumbnail,5
user_01778,email,4
user_01779,index,5
user_01780,index,5
user_01781,thumbnail,4
user_01782,thumbnail,4
user_01783,index,5
user_01784,report,1
user_01785,email,1
user_01786,index,4
user_01787,thumbnail,2
user_01788,index,2
user_01789,index,1
user_01790,email,1
user_01791,index,2
user_01792,report,1
user_01793,index,1
user_01794,report,2
user_01795,index,2
user_01796,export,1
user_01797,export,3
user_01798,thumbnail,3
user_01799,email,1
user_01800,report,2
user_01801,thumbnail,5
user_01802,email,4
user_01803,export,5
user_01804,export,1
user_01805,email,5
user_01806,index,2
user_01807,report,4
user_01808,index,5
user_01809,report,2
user_01810,report,1
user_01811,index,3
user_01812,thumbnail,3
user_01813,thumbnail,2
user_01814,export,1
user_01815,export,3
user_01816,export,1
user_01817,email,2
user_01818,index,1
user_01819,export,1
user_01820,export,5
user_01821,thumbnail,1
user_01822,thumbnail,5
user_01823,email,1
user_01824,export,2
user_01825,export,3
user_01826,email,2
user_01827,index,2
user_01828,index,1
user_01829,report,5
user_01830,export,4
user_01831,index,1
user_01832,export,3
user_01833,export,1
user_01834,index,1
user_01835,email,2
user_01836,thumbnail,4
user_01837,report,5
user_01838,index,1
user_01839,thumbnail,1
user_01840,export,5
user_01841,report,1
user_01842,index,1
user_01843,report,4
user_01844,email,1
user_01845,email,2
user_01846,report,2
user_01847,thumbnail,3
user_01848,thumbnail,3
user_01849,report,4
user_01850,index,3
user_01851,thumbnail,4
user_01852,export,1
user_01853,report,4
user_01854,index,5
user_01855,report,4
user_01856,thumbnail,5
user_01857,index,4
user_01858,export,4
user_01859,report,5
user_01860,export,1
user_01861,report,4
user_01862,email,1
user_01863,index,2
user_01864,report,3
user_01865,thumbnail,4
user_01866,report,1
user_01867,report,2
user_01868,export,2
user_01869,email,2
user_01870,index,3
user_01871,thumbnail,4
user_01872,report,5
user_01873,export,3
user_01874,index,2
user_01875,thumbnail,5
user_01876,thumbnail,5
user_01877,report,5
user_01878,export,2
user_01879,thumbnail,1
user_01880,export,1
user_01881,report,4
user_01882,export,1
user_01883,email,3
user_01884,thumbnail,4
user_01885,thumbnail,2
user_01886,index,4
user_01887,report,5
user_01888,email,2
user_01889,report,2
user_01890,report,1
user_01891,thumbnail,3
user_01892,thumbnail,2
user_01893,thumbnail,3
user_01894,thumbnail,3
user_01895,email,5
user_01896,report,1
user_01897,report,2
user_01898,export,3
user_01899,export,3
user_01900,index,2
user_01901,report,3
user_01902,email,4
user_01903,email,3
user_01904,index,5
user_01905,thumbnail,3
user_01906,report,5
user_01907,export,3
user_01908,email,4
user_01909,report,2
user_01910,index,2
user_01911,export,1
user_01912,export,3
user_01913,report,5
user_01914,index,3
user_01915,report,4
user_01916,email,2
user_01917,export,1
user_01918,index,5
user_01919,report,5
user_01920,email,4
user_01921,report,5
user_01922,index,1
user_01923,email,5
user_01924,export,5
user_01925,export,4
user_01926,index,3
user_01927,index,2
user_01928,thumbnail,5
user_01929,report,3
user_01930,index,4
user_01931,export,3
user_01932,report,5
user_01933,report,3
user_01934,report,1
user_01935,email,4
user_01936,email,3
user_01937,email,1
user_01938,thumbnail,5
user_01939,thumbnail,4
user_01940,index,4
user_01941,index,5
user_01942,index,2
user_01943,index,5
user_01944,thumbnail,5
user_01945,thumbnail,4
user_01946,report,3
user_01947,index,2
user_01948,email,5
user_01949,index,3
user_01950,export,3
user_01951,export,1
user_01952,thumbnail,3
user_01953,email,1
user_01954,export,4
user_01955,index,1
user_01956,report,5
user_01957,email,1
user_01958,email,2
user_01959,report,3
user_01960,thumbnail,2
user_01961,report,1
user_01962,index,2
user_01963,report,3
user_01964,thumbnail,1
user_01965,email,3
user_01966,export,1
user_01967,index,4
user_01968,report,3
user_01969,thumbnail,2
user_01970,index,3
user_01971,email,4
user_01972,index,2
user_01973,index,2
user_01974,export,3
user_01975,export,1
user_01976,export,3
user_01977,thumbnail,3
user_01978,email,5
user_01979,thumbnail,1
user_01980,export,3
user_01981,report,5
user_01982,email,4
user_01983,export,3
user_01984,email,1
user_01985,export,3
user_01986,report,3
user_01987,index,5
user_01988,thumbnail,4
user_01989,thumbnail,1
user_01990,index,2
user_01991,index,2
user_01992,report,2
user_01993,thumbnail,1
user_01994,thumbnail,3
user_01995,report,4
user_01996,index,1
user_01997,report,5
user_01998,report,2
user_01999,export,1
user_02000,report,2
user_02001,email,1
user_02002,export,2
user_02003,email,2
user_02004,export,2
user_02005,thumbnail,2
user_02006,thumbnail,4
user_02007,index,5
user_02008,email,4
user_02009,email,4
user_02010,index,3
user_02011,thumbnail,1
user_02012,report,4
user_02013,report,2
user_02014,report,2
user_02015,email,1
user_02016,export,3
user_02017,export,3
user_02018,email,5
user_02019,index,4
user_02020,report,2
user_02021,email,1
user_02022,index,4
user_02023,email,2
user_02024,email,5
user_02025,index,4
user_02026,index,3
user_02027,export,5
user_02028,thumbnail,4
user_02029,report,3
user_02030,index,1
user_02031,export,4
user_02032,email,5
user_02033,export,4
user_02034,export,5
user_02035,report,2
user_02036,email,4
user_02037,email,4
user_02038,report,3
user_02039,thumbnail,4
user_02040,email,5
user_02041,export,3
user_02042,email,3
user_02043,report,5
user_02044,email,5
user_02045,index,1
user_02046,thumbnail,4
user_02047,email,5
user_02048,thumbnail,2
user_02049,index,3
user_02050,email,5
user_02051,report,2
user_02052,report,1
user_02053,email,4
user_02054,index,5
user_02055,report,1
user_02056,thumbnail,2
user_02057,export,5
user_02058,thumbnail,1
user_02059,thumbnail,5
user_02060,thumbnail,5
user_02061,index,4
user_02062,export,5
user_02063,email,1
user_02064,thumbnail,3
user_02065,export,2
user_02066,thumbnail,4
user_02067,email,5
user_02068,report,1
user_02069,report,2
user_02070,index,2
user_02071,thumbnail,2
user_02072,index,3
user_02073,index,3
user_02074,thumbnail,2
user_02075,index,3
user_02076,export,2
user_02077,email,3
user_02078,email,4
user_02079,email,3
user_02080,report,4
user_02081,thumbnail,5
user_02082,report,5
user_02083,email,5
user_02084,thumbnail,4
user_02085,email,1
user_02086,report,5
user_02087,index,4
user_02088,index,5
user_02089,index,1
user_02090,export,2
user_02091,email,3
user_02092,report,3
user_02093,thumbnail,2
user_02094,thumbnail,5
user_02095,report,1
user_02096,index,1
user_02097,thumbnail,3
user_02098,email,4
user_02099,export,4
user_02100,thumbnail,2
user_02101,thumbnail,2
user_02102,index,4
user_02103,email,3
user_02104,email,5
user_02105,email,4
user_02106,export,2
user_02107,thumbnail,1
user_02108,export,5
user_02109,report,4
user_02110,export,3
user_02111,index,1
user_02112,index,2
user_02113,export,3
user_02114,export,1
user_02115,index,5
user_02116,index,4
user_02117,export,1
user_02118,report,1
user_02119,export,5
user_02120,report,3
user_02121,email,3
user_02122,export,5
user_02123,thumbnail,4
user_02124,index,4
user_02125,index,3
user_02126,report,1
user_02127,export,2
user_02128,export,2
user_02129,email,2
user_02130,email,2
user_02131,email,1
user_02132,index,5
user_02133,report,4
user_02134,email,3
user_02135,index,2
user_02136,export,4
user_02137,email,2
user_02138,thumbnail,4
user_02139,export,4
user_02140,export,4
user_02141,email,2
user_02142,thumbnail,5
user_02143,email,3
user_02144,index,4
user_02145,export,5
user_02146,report,3
user_02147,report,4
user_02148,thumbnail,4
user_02149,export,4
user_02150,thumbnail,4
user_02151,thumbnail,3
user_02152,index,3
user_02153,report,1
user_02154,export,2
user_02155,thumbnail,3
user_02156,index,2
user_02157,report,3
user_02158,report,3
user_02159,email,5
user_02160,index,4
user_02161,email,1
user_02162,export,1
user_02163,index,1
user_02164,export,1
user_02165,report,3
user_02166,index,3
user_02167,thumbnail,4
user_02168,export,2
user_02169,index,3
user_02170,report,3
user_02171,export,1
user_02172,thumbnail,2
user_02173,report,3
user_02174,report,5
user_02175,report,5
user_02176,export,4
user_02177,report,3
user_02178,index,2
user_02179,index,3
user_02180,index,1
user_02181,email,1
user_02182,export,4
user_02183,thumbnail,2
user_02184,export,3
user_02185,email,2
user_02186,email,2
user_02187,export,5
user_02188,email,4
user_02189,export,1
user_02190,export,2
user_02191,report,2
user_02192,email,5
user_02193,export,4
user_02194,thumbnail,4
user_02195,export,3
user_02196,index,3
user_02197,report,5
user_02198,export,5
user_02199,export,3
user_02200,export,3
user_02201,report,3
user_02202,report,4
user_02203,email,1
user_02204,email,5
user_02205,email,2
user_02206,export,5
user_02207,thumbnail,1
user_02208,thumbnail,1
user_02209,export,3
user_02210,export,2
user_02211,index,1
user_02212,index,3
user_02213,report,2
user_02214,index,5
user_02215,export,2
user_02216,report,5
user_02217,thumbnail,4
user_02218,thumbnail,5
user_02219,index,1
user_02220,thumbnail,2
user_02221,index,3
user_02222,thumbnail,3
user_02223,thumbnail,2
user_02224,report,1
user_02225,report,4
user_02226,email,3
user_02227,email,1
user_02228,report,1
user_02229,export,3
user_02230,thumbnail,5
user_02231,export,4
user_02232,index,1
user_02233,thumbnail,3
user_02234,report,1
user_02235,index,5
user_02236,report,1
user_02237,index,1
user_02238,email,5
user_02239,email,5
user_02240,index,1
user_02241,thumbnail,2
user_02242,export,4
user_02243,email,4
user_02244,index,2
user_02245,export,3
user_02246,email,5
user_02247,email,5
user_02248,email,1
user_02249,thumbnail,1
user_02250,thumbnail,4
user_02251,email,5
user_02252,thumbnail,1
user_02253,index,3
user_02254,thumbnail,5
user_02255,thumbnail,5
user_02256,email,4
user_02257,thumbnail,3
user_02258,thumbnail,5
user_02259,thumbnail,5
user_02260,export,4
user_02261,index,2
user_02262,email,1
user_02263,email,2
user_02264,report,2
user_02265,thumbnail,3
user_02266,email,2
user_02267,export,2
user_02268,index,4
user_02269,report,3
user_02270,report,5
user_02271,index,4
user_02272,thumbnail,5
user_02273,email,1
user_02274,index,3
user_02275,email,4
user_02276,index,5
user_02277,export,3
user_02278,report,2
user_02279,export,3
user_02280,report,2
user_02281,thumbnail,2
user_02282,index,3
user_02283,report,3
user_02284,email,2
user_02285,thumbnail,3
user_02286,report,4
user_02287,thumbnail,5
user_02288,index,4
user_02289,email,1
user_02290,thumbnail,4
user_02291,thumbnail,2
user_02292,thumbnail,5
user_02293,email,2
user_02294,report,5
user_02295,index,1
user_02296,email,4
user_02297,index,4
user_02298,report,5
user_02299,index,5
user_02300,index,1
user_02301,export,1
user_02302,thumbnail,5
user_02303,export,3
user_02304,report,3
user_02305,thumbnail,3
user_02306,report,2
user_02307,export,5
user_02308,email,1
user_02309,report,3
user_02310,index,3
user_02311,report,2
user_02312,report,2
user_02313,index,1
user_02314,report,1
user_02315,report,2
user_02316,index,3
user_02317,email,3
user_02318,export,5
user_02319,email,1
user_02320,report,5
user_02321,email,2
user_02322,export,5
user_02323,thumbnail,5
user_02324,export,3
user_02325,thumbnail,5
user_02326,thumbnail,1
user_02327,index,1
user_02328,export,4
user_02329,thumbnail,3
user_02330,report,1
user_02331,email,5
user_02332,thumbnail,1
user_02333,report,3
user_02334,index,2
user_02335,export,1
user_02336,export,5
user_02337,export,5
user_02338,thumbnail,5
user_02339,index,5
user_02340,report,4
user_02341,export,5
user_02342,email,1
user_02343,export,1
user_02344,export,5
user_02345,email,5
user_02346,thumbnail,3
user_02347,export,2
user_02348,thumbnail,4
user_02349,export,1
user_02350,index,5
user_02351,index,3
user_02352,thumbnail,2
user_02353,thumbnail,4
user_02354,email,3
user_02355,index,5
user_02356,export,2
user_02357,export,2
user_02358,export,5
user_02359,index,5
user_02360,thumbnail,3
user_02361,report,1
user_02362,index,4
user_02363,index,2
user_02364,index,4
user_02365,export,5
user_02366,index,2
user_02367,report,5
user_02368,thumbnail,5
user_02369,export,2
user_02370,index,3
user_02371,export,3
user_02372,email,5
user_02373,email,5
user_02374,report,3
user_02375,export,4
user_02376,thumbnail,2
user_02377,index,3
user_02378,report,4
user_02379,report,1
user_02380,index,1
user_02381,report,3
user_02382,report,3
user_02383,export,5
user_02384,thumbnail,4
user_02385,email,3
user_02386,export,5
user_02387,email,3
user_02388,export,2
user_02389,index,4
user_02390,index,1
user_02391,thumbnail,2
user_02392,email,4
user_02393,index,5
user_02394,export,1
user_02395,index,4
user_02396,report,2
user_02397,thumbnail,4
user_02398,thumbnail,4
user_02399,thumbnail,4
user_02400,report,4
user_02401,index,4
user_02402,report,2
user_02403,email,3
user_02404,export,2
user_02405,export,4
user_02406,index,2
user_02407,thumbnail,2
user_02408,email,5
user_02409,email,1
user_02410,index,4
user_02411,index,2
user_02412,thumbnail,1
user_02413,email,2
user_02414,index,2
user_02415,email,2
user_02416,export,5
user_02417,email,4
user_02418,thumbnail,1
user_02419,export,3
user_02420,thumbnail,4
user_02421,email,4
user_02422,index,1
user_02423,index,2
user_02424,report,5
user_02425,email,1
user_02426,index,1
user_02427,report,3
user_02428,thumbnail,1
user_02429,index,3
user_02430,email,3
user_02431,thumbnail,4
user_02432,email,2
user_02433,export,2
user_02434,export,3
user_02435,report,5
user_02436,thumbnail,4
user_02437,index,2
user_02438,thumbnail,4
user_02439,index,1
user_02440,export,5
user_02441,index,5
user_02442,report,3
user_02443,export,2
user_02444,index,4
user_02445,thumbnail,5
user_02446,email,1
user_02447,export,3
user_02448,export,4
user_02449,thumbnail,1
user_02450,report,4
user_02451,report,2
user_02452,index,1
user_02453,thumbnail,3
user_02454,thumbnail,5
user_02455,index,5
user_02456,index,3
user_02457,thumbnail,2
user_02458,thumbnail,5
user_02459,report,1
user_02460,report,4
user_02461,email,5
user_02462,email,1
user_02463,export,4
user_02464,thumbnail,4
user_02465,email,5
user_02466,export,2
user_02467,export,2
user_02468,thumbnail,1
user_02469,thumbnail,3
user_02470,email,4
user_02471,export,3
user_02472,index,3
user_02473,email,1
user_02474,report,2
user_02475,index,2
user_02476,export,1
user_02477,export,5
user_02478,thumbnail,1
user_02479,export,4
user_02480,email,3
user_02481,email,4
user_02482,thumbnail,2
user_02483,email,2
user_02484,report,3
user_02485,export,5
user_02486,export,1
user_02487,index,5
user_02488,report,4
user_02489,report,3
user_02490,report,1
user_02491,email,4
user_02492,email,5
user_02493,index,3
user_02494,email,2
user_02495,thumbnail,2
user_02496,index,4
user_02497,index,3
user_02498,email,5
user_02499,email,5
user_02500,email,4
user_02501,report,5
user_02502,export,5
user_02503,index,5
user_02504,export,5
user_02505,index,2
user_02506,export,5
user_02507,thumbnail,3
user_02508,report,4
user_02509,index,1
user_02510,thumbnail,5
user_02511,index,4
user_02512,report,4
user_02513,index,5
user_02514,thumbnail,1
user_02515,email,4
user_02516,thumbnail,4
user_02517,report,2
user_02518,email,2
user_02519,email,1
user_02520,report,1
user_02521,index,4
user_02522,report,1
user_02523,index,4
user_02524,index,3
user_02525,email,3
user_02526,report,2
user_02527,export,5
user_02528,report,1
user_02529,report,1
user_02530,export,1
user_02531,export,3
user_02532,email,2
user_02533,index,4
user_02534,email,1
user_02535,index,4
user_02536,thumbnail,1
user_02537,index,4
user_02538,index,4
user_02539,report,1
user_02540,index,5
user_02541,report,5
user_02542,export,5
user_02543,index,5
user_02544,thumbnail,4
user_02545,index,1
user_02546,thumbnail,4
user_02547,export,3
user_02548,index,5
user_02549,report,5
user_02550,report,1
user_02551,email,5
user_02552,report,2
user_02553,email,4
user_02554,email,5
user_02555,export,1
user_02556,email,5
user_02557,email,3
user_02558,index,3
user_02559,report,3
user_02560,report,4
user_02561,email,1
user_02562,export,1
user_02563,email,3
user_02564,email,1
user_02565,index,5
user_02566,thumbnail,4
user_02567,export,4
user_02568,thumbnail,5
user_02569,report,4
user_02570,report,3
user_02571,email,1
user_02572,export,4
user_02573,thumbnail,2
user_02574,index,4
user_02575,report,3
user_02576,thumbnail,3
user_02577,export,4
user_02578,export,4
user_02579,report,2
user_02580,index,5
user_02581,report,5
user_02582,thumbnail,2
user_02583,export,2
user_02584,thumbnail,5
user_02585,index,2
user_02586,index,2
user_02587,report,2
user_02588,thumbnail,5
user_02589,export,1
user_02590,export,2
user_02591,index,3
user_02592,index,3
user_02593,thumbnail,5
user_02594,thumbnail,1
user_02595,thumbnail,1
user_02596,report,3
user_02597,thumbnail,4
user_02598,thumbnail,4
user_02599,thumbnail,4
user_02600,index,1
user_02601,email,3
user_02602,email,4
user_02603,export,2
user_02604,export,1
user_02605,thumbnail,3
user_02606,index,3
user_02607,export,3
user_02608,export,4
user_02609,thumbnail,3
user_02610,thumbnail,4
user_02611,export,1
user_02612,thumbnail,5
user_02613,thumbnail,3
user_02614,email,5
user_02615,export,4
user_02616,email,1
user_02617,thumbnail,5
user_02618,email,2
user_02619,thumbnail,4
user_02620,export,3
user_02621,export,2
user_02622,thumbnail,1
user_02623,index,1
user_02624,export,4
user_02625,thumbnail,2
user_02626,export,3
user_02627,email,1
user_02628,report,3
user_02629,index,5
user_02630,report,1
user_02631,export,2
user_02632,export,3
user_02633,thumbnail,2
user_02634,email,4
user_02635,thumbnail,3
user_02636,export,5
user_02637,report,3
user_02638,report,4
user_02639,export,1
user_02640,export,4
user_02641,thumbnail,4
user_02642,email,4
user_02643,thumbnail,1
user_02644,report,4
user_02645,email,4
user_02646,report,1
user_02647,index,3
user_02648,export,5
user_02649,export,5
user_02650,email,2
user_02651,email,4
user_02652,report,4
user_02653,export,2
user_02654,email,2
user_02655,thumbnail,4
user_02656,index,3
user_02657,export,1
user_02658,report,4
user_02659,index,4
user_02660,index,4
user_02661,export,3
user_02662,report,5
user_02663,email,4
user_02664,index,2
user_02665,export,5
user_02666,index,1
user_02667,report,2
user_02668,thumbnail,2
user_02669,index,3
user_02670,email,3
user_02671,thumbnail,2
user_02672,export,5
user_02673,export,4
user_02674,thumbnail,4
user_02675,email,3
user_02676,index,3
user_02677,index,3
user_02678,thumbnail,5
user_02679,index,5
user_02680,report,4
user_02681,report,2
user_02682,email,1
user_02683,export,5
user_02684,report,4
user_02685,report,4
user_02686,thumbnail,4
user_02687,report,1
user_02688,email,1
user_02689,export,2
user_02690,index,1
user_02691,export,3
user_02692,export,1
user_02693,export,4
user_02694,export,3
user_02695,index,4
user_02696,export,4
user_02697,export,4
user_02698,index,4
user_02699,export,5
user_02700,report,3
user_02701,email,4
user_02702,index,2
user_02703,thumbnail,1
user_02704,export,3
user_02705,report,3
user_02706,thumbnail,3
user_02707,thumbnail,5
user_02708,report,3
user_02709,email,3
user_02710,export,5
user_02711,thumbnail,3
user_02712,export,1
user_02713,export,2
user_02714,index,4
user_02715,index,4
user_02716,report,4
user_02717,index,1
user_02718,thumbnail,2
user_02719,report,2
user_02720,thumbnail,4
user_02721,thumbnail,4
user_02722,export,4
user_02723,thumbnail,1
user_02724,report,1
user_02725,export,2
user_02726,index,5
user_02727,index,4
user_02728,index,4
user_02729,thumbnail,4
user_02730,thumbnail,5
user_02731,index,3
user_02732,export,5
user_02733,email,3
user_02734,thumbnail,3
user_02735,export,5
user_02736,export,5
user_02737,export,5
user_02738,export,5
user_02739,thumbnail,3
user_02740,export,1
user_02741,thumbnail,2
user_02742,email,2
user_02743,index,1
user_02744,index,4
user_02745,email,1
user_02746,export,1
user_02747,email,1
user_02748,email,3
user_02749,thumbnail,2
user_02750,export,4
user_02751,report,3
user_02752,report,2
user_02753,export,4
user_02754,index,3
user_02755,report,5
user_02756,report,3
user_02757,export,5
user_02758,report,1
user_02759,email,2
user_02760,index,3
user_02761,export,5
user_02762,index,3
user_02763,report,5
user_02764,thumbnail,3
user_02765,index,1
user_02766,report,4
user_02767,index,5
user_02768,report,1
user_02769,thumbnail,3
user_02770,index,4
user_02771,export,2
user_02772,index,1
user_02773,email,1
user_02774,report,4
user_02775,index,4
user_02776,report,2
user_02777,export,2
user_02778,report,2
user_02779,report,2
user_02780,thumbnail,5
user_02781,export,4
user_02782,thumbnail,4
user_02783,thumbnail,2
user_02784,report,5
user_02785,index,1
user_02786,index,5
user_02787,index,2
user_02788,email,5
user_02789,thumbnail,4
user_02790,email,3
user_02791,export,2
user_02792,report,4
user_02793,email,4
user_02794,email,2
user_02795,email,5
user_02796,report,4
user_02797,export,4
user_02798,index,5
user_02799,email,2
user_02800,report,2
user_02801,export,2
user_02802,index,1
user_02803,report,2
user_02804,thumbnail,3
user_02805,thumbnail,3
user_02806,index,4
user_02807,report,2
user_02808,thumbnail,5
user_02809,index,1
user_02810,export,3
user_02811,thumbnail,4
user_02812,export,1
user_02813,report,2
user_02814,thumbnail,2
user_02815,index,5
user_02816,export,2
user_02817,report,5
user_02818,index,5
user_02819,report,4
user_02820,email,1
user_02821,export,4
user_02822,export,2
user_02823,thumbnail,3
user_02824,email,3
user_02825,thumbnail,1
user_02826,email,4
user_02827,export,2
user_02828,thumbnail,4
user_02829,email,5
user_02830,report,1
user_02831,export,1
user_02832,thumbnail,1
user_02833,index,1
user_02834,report,2
user_02835,index,2
user_02836,export,1
user_02837,index,4
user_02838,index,5
user_02839,thumbnail,3
user_02840,export,2
user_02841,report,1
user_02842,thumbnail,4
user_02843,report,3
user_02844,thumbnail,3
user_02845,export,2
user_02846,thumbnail,2
user_02847,export,1
user_02848,thumbnail,1
user_02849,thumbnail,5
user_02850,export,5
user_02851,email,5
user_02852,export,1
user_02853,thumbnail,5
user_02854,index,4
user_02855,email,1
user_02856,email,3
user_02857,export,5
user_02858,index,2
user_02859,report,3
user_02860,index,2
user_02861,export,4
user_02862,thumbnail,5
user_02863,export,5
user_02864,report,1
user_02865,report,5
user_02866,export,3
user_02867,email,4
user_02868,thumbnail,2
user_02869,index,1
user_02870,thumbnail,3
user_02871,export,2
user_02872,index,1
user_02873,export,4
user_02874,export,4
user_02875,thumbnail,1
user_02876,index,1
user_02877,email,5
user_02878,report,3
user_02879,report,3
user_02880,email,4
user_02881,index,4
user_02882,index,3
user_02883,index,2
user_02884,index,5
user_02885,email,1
user_02886,thumbnail,4
user_02887,export,4
user_02888,thumbnail,4
user_02889,index,5
user_02890,report,2
user_02891,report,5
user_02892,report,1
user_02893,report,1
user_02894,report,5
user_02895,thumbnail,4
user_02896,index,4
user_02897,export,3
user_02898,report,3
user_02899,report,3
user_02900,email,4
user_02901,thumbnail,2
user_02902,report,2
user_02903,email,3
user_02904,export,2
user_02905,thumbnail,3
user_02906,thumbnail,5
user_02907,email,2
user_02908,email,3
user_02909,index,3
user_02910,index,2
user_02911,report,3
user_02912,thumbnail,5
user_02913,thumbnail,4
user_02914,index,1
user_02915,export,4
user_02916,export,2
user_02917,index,1
user_02918,report,5
user_02919,thumbnail,1
user_02920,report,2
user_02921,index,1
user_02922,index,3
user_02923,index,1
user_02924,thumbnail,4
user_02925,email,4
user_02926,thumbnail,4
user_02927,report,1
user_02928,report,4
user_02929,email,5
user_02930,export,4
user_02931,report,2
user_02932,thumbnail,4
user_02933,report,4
user_02934,export,4
user_02935,email,1
user_02936,thumbnail,4
user_02937,report,5
user_02938,report,1
user_02939,thumbnail,3
user_02940,thumbnail,2
user_02941,report,3
user_02942,index,2
user_02943,thumbnail,5
user_02944,index,3
user_02945,thumbnail,2
user_02946,report,1
user_02947,export,5
user_02948,email,3
user_02949,index,1
user_02950,thumbnail,5
user_02951,export,3
user_02952,email,3
user_02953,thumbnail,1
user_02954,export,2
user_02955,index,3
user_02956,email,2
user_02957,export,4
user_02958,report,1
user_02959,thumbnail,3
user_02960,export,4
user_02961,export,2
user_02962,thumbnail,1
user_02963,index,4
user_02964,index,5
user_02965,email,3
user_02966,email,3
user_02967,report,4
user_02968,export,5
user_02969,email,3
user_02970,index,3
user_02971,thumbnail,4
user_02972,email,4
user_02973,index,4
user_02974,index,4
user_02975,email,4
user_02976,thumbnail,1
user_02977,email,5
user_02978,email,5
user_02979,export,5
user_02980,index,4
user_02981,thumbnail,3
user_02982,email,1
user_02983,thumbnail,2
user_02984,thumbnail,4
user_02985,report,2
user_02986,report,3
user_02987,report,4
user_02988,email,5
user_02989,email,4
user_02990,export,5
user_02991,index,2
user_02992,email,3
user_02993,thumbnail,4
user_02994,report,1
user_02995,export,2
user_02996,thumbnail,5
user_02997,report,5
user_02998,email,4
user_02999,email,3
user_03000,export,4
user_03001,thumbnail,3
user_03002,email,2
user_03003,report,4
user_03004,thumbnail,1
user_03005,thumbnail,3
user_03006,report,3
user_03007,email,1
user_03008,index,5
user_03009,report,4
user_03010,thumbnail,1
user_03011,email,2
user_03012,index,1
user_03013,index,5
user_03014,email,2
user_03015,report,3
user_03016,export,4
user_03017,report,1
user_03018,email,1
user_03019,email,1
user_03020,thumbnail,5
user_03021,index,3
user_03022,thumbnail,3
user_03023,export,1
user_03024,report,3
user_03025,report,1
user_03026,report,2
user_03027,email,5
user_03028,thumbnail,1
user_03029,email,2
user_03030,index,3
user_03031,index,5
user_03032,index,2
user_03033,email,3
user_03034,report,1
user_03035,report,1
user_03036,thumbnail,5
user_03037,email,3
user_03038,thumbnail,4
user_03039,index,3
user_03040,thumbnail,3
user_03041,index,5
user_03042,email,4
user_03043,report,1
user_03044,export,2
user_03045,index,3
user_03046,index,3
user_03047,email,1
user_03048,email,4
user_03049,index,3
user_03050,report,3
user_03051,report,5
user_03052,export,2
user_03053,report,1
user_03054,email,5
user_03055,report,5
user_03056,email,1
user_03057,report,5
user_03058,export,3
user_03059,export,2
user_03060,thumbnail,3
user_03061,email,2
user_03062,export,5
user_03063,email,2
user_03064,thumbnail,1
user_03065,email,4
user_03066,export,2
user_03067,thumbnail,1
user_03068,thumbnail,3
user_03069,export,2
user_03070,index,3
user_03071,index,2
user_03072,index,5
user_03073,thumbnail,4
user_03074,index,3
user_03075,export,2
user_03076,report,1
user_03077,index,2
user_03078,report,4
user_03079,thumbnail,3
user_03080,thumbnail,1
user_03081,report,2
user_03082,email,2
user_03083,email,3
user_03084,thumbnail,3
user_03085,email,4
user_03086,export,2
user_03087,index,3
user_03088,export,1
user_03089,email,3
user_03090,index,4
user_03091,index,1
user_03092,report,5
user_03093,index,2
user_03094,email,5
user_03095,index,1
user_03096,email,2
user_03097,thumbnail,1
user_03098,email,4
user_03099,email,2
user_03100,email,4
user_03101,thumbnail,4
user_03102,report,5
user_03103,thumbnail,4
user_03104,index,5
user_03105,report,2
user_03106,index,2
user_03107,email,2
user_03108,email,4
user_03109,thumbnail,2
user_03110,export,4
user_03111,thumbnail,1
user_03112,thumbnail,5
user_03113,index,3
user_03114,report,5
user_03115,thumbnail,2
user_03116,report,2
user_03117,thumbnail,5
user_03118,email,3
user_03119,index,1
user_03120,export,3
user_03121,email,4
user_03122,index,2
user_03123,email,1
user_03124,index,3
user_03125,email,3
user_03126,export,3
user_03127,thumbnail,3
user_03128,email,1
user_03129,thumbnail,4
user_03130,export,1
user_03131,export,2
user_03132,thumbnail,5
user_03133,thumbnail,5
user_03134,export,4
user_03135,report,4
user_03136,export,3
user_03137,thumbnail,5
user_03138,export,4
user_03139,export,5
user_03140,email,4
user_03141,index,1
user_03142,email,2
user_03143,email,1
user_03144,email,3
user_03145,report,2
user_03146,index,1
user_03147,report,4
user_03148,index,4
user_03149,email,1
user_03150,report,4
user_03151,email,3
user_03152,thumbnail,4
user_03153,export,2
user_03154,report,5
user_03155,index,1
user_03156,export,5
user_03157,thumbnail,5
user_03158,report,5
user_03159,thumbnail,5
user_03160,thumbnail,3
user_03161,email,5
user_03162,index,1
user_03163,export,2
user_03164,export,5
user_03165,report,2
user_03166,thumbnail,2
user_03167,export,1
user_03168,index,5
user_03169,export,2
user_03170,export,4
user_03171,report,2
user_03172,index,1
user_03173,thumbnail,2
user_03174,report,4
user_03175,thumbnail,2
user_03176,email,5
user_03177,export,3
user_03178,index,3
user_03179,report,5
user_03180,report,5
user_03181,report,5
user_03182,export,4
user_03183,index,1
user_03184,index,5
user_03185,thumbnail,3
user_03186,thumbnail,2
user_03187,email,5
user_03188,index,2
user_03189,report,3
user_03190,report,2
user_03191,report,3
user_03192,index,2
user_03193,export,1
user_03194,thumbnail,4
user_03195,export,5
user_03196,report,1
user_03197,email,4
user_03198,index,4
user_03199,export,5
user_03200,index,3
user_03201,thumbnail,4
user_03202,export,2
user_03203,thumbnail,4
user_03204,index,2
user_03205,report,2
user_03206,email,2
user_03207,email,1
user_03208,export,3
user_03209,report,2
user_03210,report,4
user_03211,index,1
user_03212,email,4
user_03213,export,4
user_03214,export,1
user_03215,index,3
user_03216,index,4
user_03217,report,4
user_03218,report,5
user_03219,index,1
user_03220,thumbnail,3
user_03221,thumbnail,2
user_03222,thumbnail,4
user_03223,export,4
user_03224,index,3
user_03225,email,4
user_03226,report,3
user_03227,export,3
user_03228,email,3
user_03229,report,1
user_03230,export,4
user_03231,export,2
user_03232,report,4
user_03233,index,4
user_03234,report,1
user_03235,export,5
user_03236,thumbnail,3
user_03237,report,2
user_03238,export,1
user_03239,report,4
user_03240,export,2
user_03241,thumbnail,3
user_03242,email,4
user_03243,thumbnail,3
user_03244,thumbnail,5
user_03245,email,1
user_03246,index,5
user_03247,report,4
user_03248,report,3
user_03249,report,3
user_03250,report,1
user_03251,export,4
user_03252,email,3
user_03253,thumbnail,5
user_03254,email,2
user_03255,index,1
user_03256,index,5
user_03257,export,2
user_03258,email,5
user_03259,export,5
user_03260,report,4
user_03261,index,3
user_03262,email,2
user_03263,index,5
user_03264,thumbnail,2
user_03265,report,2
user_03266,report,4
user_03267,thumbnail,5
user_03268,export,5
user_03269,email,5
user_03270,export,2
user_03271,index,3
user_03272,thumbnail,4
user_03273,report,3
user_03274,email,4
user_03275,index,1
user_03276,index,4
user_03277,thumbnail,1
user_03278,thumbnail,4
user_03279,email,4
user_03280,report,5
user_03281,export,3
user_03282,email,3
user_03283,report,1
user_03284,export,2
user_03285,email,4
user_03286,export,3
user_03287,thumbnail,4
user_03288,report,4
user_03289,report,4
user_03290,thumbnail,5
user_03291,thumbnail,4
user_03292,thumbnail,5
user_03293,report,1
user_03294,report,1
user_03295,report,1
user_03296,index,1
user_03297,report,1
user_03298,email,1
user_03299,report,5
user_03300,thumbnail,4
user_03301,report,2
user_03302,index,2
user_03303,index,3
user_03304,export,5
user_03305,thumbnail,4
user_03306,email,3
user_03307,report,2
user_03308,thumbnail,3
user_03309,export,5
user_03310,export,3
user_03311,report,3
user_03312,thumbnail,5
user_03313,index,3
user_03314,export,3
user_03315,email,1
user_03316,report,2
user_03317,index,4
user_03318,report,5
user_03319,index,5
user_03320,thumbnail,1
user_03321,export,2
user_03322,thumbnail,5
user_03323,report,4
user_03324,thumbnail,2
user_03325,index,3
user_03326,report,2
user_03327,email,1
user_03328,thumbnail,5
user_03329,email,2
user_03330,report,5
user_03331,thumbnail,1
user_03332,index,1
user_03333,report,2
user_03334,index,1
user_03335,report,4
user_03336,report,3
user_03337,export,2
user_03338,index,1
user_03339,export,4
user_03340,export,2
user_03341,report,3
user_03342,index,3
user_03343,export,5
user_03344,report,3
user_03345,export,3
user_03346,index,1
user_03347,email,1
user_03348,email,2
user_03349,email,4
user_03350,thumbnail,2
user_03351,report,1
user_03352,thumbnail,1
user_03353,export,3
user_03354,export,5
user_03355,index,5
user_03356,index,2
user_03357,index,4
user_03358,email,5
user_03359,email,4
user_03360,report,4
user_03361,report,5
user_03362,email,5
user_03363,email,1
user_03364,report,3
user_03365,index,4
user_03366,email,3
user_03367,report,4
user_03368,thumbnail,5
user_03369,report,1
user_03370,index,2
user_03371,email,2
user_03372,export,2
user_03373,email,1
user_03374,index,5
user_03375,export,2
user_03376,index,1
user_03377,export,1
user_03378,index,2
user_03379,thumbnail,5
user_03380,export,3
user_03381,thumbnail,2
user_03382,export,4
user_03383,report,5
user_03384,report,4
user_03385,export,3
user_03386,thumbnail,3
user_03387,export,4
user_03388,email,3
user_03389,thumbnail,5
user_03390,index,2
user_03391,report,5
user_03392,export,4
user_03393,export,2
user_03394,export,5
user_03395,email,5
user_03396,index,5
user_03397,index,5
user_03398,export,2
user_03399,export,1
user_03400,index,5
user_03401,report,2
user_03402,export,5
user_03403,email,3
user_03404,thumbnail,5
user_03405,email,4
user_03406,thumbnail,2
user_03407,report,2
user_03408,email,2
user_03409,export,4
user_03410,report,2
user_03411,thumbnail,3
user_03412,thumbnail,3
user_03413,index,2
user_03414,report,1
user_03415,email,1
user_03416,thumbnail,5
user_03417,report,5
user_03418,report,4
user_03419,export,3
user_03420,index,2
user_03421,email,1
user_03422,email,1
user_03423,index,5
user_03424,report,4
user_03425,export,1
user_03426,report,1
user_03427,thumbnail,4
user_03428,index,2
user_03429,index,2
user_03430,email,3
user_03431,index,2
user_03432,email,1
user_03433,email,4
user_03434,thumbnail,5
user_03435,index,5
user_03436,export,2
user_03437,index,5
user_03438,index,1
user_03439,export,4
user_03440,email,4
user_03441,export,2
user_03442,thumbnail,4
user_03443,email,4
user_03444,thumbnail,2
user_03445,export,4
user_03446,report,3
user_03447,index,2
user_03448,report,4
user_03449,export,4
user_03450,email,1
user_03451,email,1
user_03452,index,5
user_03453,index,4
user_03454,index,4
user_03455,index,4
user_03456,report,4
user_03457,report,2
user_03458,email,5
user_03459,export,2
user_03460,index,4
user_03461,report,1
user_03462,thumbnail,4
user_03463,email,1
user_03464,email,1
user_03465,report,1
user_03466,export,2
user_03467,thumbnail,5
user_03468,index,3
user_03469,report,4
user_03470,index,5
user_03471,email,2
user_03472,report,3
user_03473,index,2
user_03474,thumbnail,4
user_03475,export,3
user_03476,email,4
user_03477,export,1
user_03478,thumbnail,1
user_03479,export,1
user_03480,index,2
user_03481,report,3
user_03482,thumbnail,1
user_03483,export,3
user_03484,email,3
user_03485,export,4
user_03486,index,2
user_03487,index,5
user_03488,report,5
user_03489,export,1
user_03490,thumbnail,3
user_03491,thumbnail,5
user_03492,thumbnail,2
user_03493,export,1
user_03494,index,4
user_03495,report,4
user_03496,report,3
user_03497,email,3
user_03498,report,5
user_03499,report,2
user_03500,report,3
user_03501,thumbnail,1
user_03502,export,1
user_03503,thumbnail,4
user_03504,export,2
user_03505,index,3
user_03506,email,2
user_03507,thumbnail,3
user_03508,thumbnail,3
user_03509,index,5
user_03510,index,1
user_03511,report,1
user_03512,email,5
user_03513,report,5
user_03514,email,3
user_03515,export,3
user_03516,index,5
user_03517,export,4
user_03518,report,4
user_03519,export,2
user_03520,report,2
user_03521,thumbnail,2
user_03522,index,4
user_03523,export,4
user_03524,export,4
user_03525,export,5
user_03526,report,4
user_03527,export,4
user_03528,email,3
user_03529,thumbnail,4
user_03530,thumbnail,3
user_03531,export,4
user_03532,export,2
user_03533,email,4
user_03534,index,2
user_03535,index,4
user_03536,thumbnail,5
user_03537,thumbnail,4
user_03538,report,2
user_03539,report,4
user_03540,export,1
user_03541,thumbnail,4
user_03542,email,5
user_03543,report,2
user_03544,email,3
user_03545,report,5
user_03546,index,4
user_03547,thumbnail,3
user_03548,email,1
user_03549,index,5
user_03550,report,2
user_03551,export,1
user_03552,export,4
user_03553,index,1
user_03554,email,2
user_03555,export,1
user_03556,report,4
user_03557,thumbnail,4
user_03558,thumbnail,3
user_03559,email,4
user_03560,email,4
user_03561,report,4
user_03562,export,1
user_03563,thumbnail,4
user_03564,email,4
user_03565,email,3
user_03566,thumbnail,1
user_03567,email,4
user_03568,export,3
user_03569,index,5
user_03570,thumbnail,5
user_03571,report,3
user_03572,email,4
user_03573,export,5
user_03574,export,5
user_03575,report,4
user_03576,export,4
user_03577,email,4
user_03578,report,3
user_03579,email,5
user_03580,thumbnail,2
user_03581,thumbnail,3
user_03582,export,5
user_03583,thumbnail,2
user_03584,index,3
user_03585,thumbnail,3
user_03586,thumbnail,4
user_03587,index,3
user_03588,export,1
user_03589,index,3
user_03590,export,4
user_03591,thumbnail,3
user_03592,thumbnail,5
user_03593,thumbnail,3
user_03594,email,5
user_03595,email,4
user_03596,thumbnail,5
user_03597,report,2
user_03598,export,1
user_03599,thumbnail,5
user_03600,thumbnail,2
user_03601,report,4
user_03602,index,1
user_03603,thumbnail,4
user_03604,index,3
user_03605,thumbnail,1
user_03606,index,3
user_03607,email,5
user_03608,thumbnail,4
user_03609,report,1
user_03610,email,4
user_03611,index,1
user_03612,thumbnail,4
user_03613,index,3
user_03614,export,3
user_03615,export,3
user_03616,thumbnail,4
user_03617,email,1
user_03618,export,4
user_03619,index,4
user_03620,thumbnail,5
user_03621,export,2
user_03622,thumbnail,3
user_03623,export,3
user_03624,thumbnail,2
user_03625,thumbnail,2
user_03626,thumbnail,1
user_03627,export,3
user_03628,index,5
user_03629,export,3
user_03630,report,4
user_03631,report,5
user_03632,thumbnail,1
user_03633,thumbnail,3
user_03634,report,2
user_03635,index,5
user_03636,report,5
user_03637,report,2
user_03638,index,3
user_03639,thumbnail,1
user_03640,index,2
user_03641,thumbnail,4
user_03642,email,3
user_03643,index,2
user_03644,email,5
user_03645,index,5
user_03646,email,5
user_03647,thumbnail,1
user_03648,index,3
user_03649,export,1
user_03650,report,5
user_03651,export,1
user_03652,report,3
user_03653,email,2
user_03654,export,5
user_03655,index,3
user_03656,report,4
user_03657,index,3
user_03658,report,5
user_03659,index,2
user_03660,report,2
user_03661,email,5
user_03662,report,4
user_03663,export,1
user_03664,thumbnail,3
user_03665,thumbnail,5
user_03666,index,4
user_03667,export,5
user_03668,email,1
user_03669,email,5
user_03670,email,3
user_03671,thumbnail,1
user_03672,thumbnail,4
user_03673,index,4
user_03674,email,5
user_03675,export,2
user_03676,index,2
user_03677,report,5
user_03678,export,3
user_03679,export,5
user_03680,index,3
user_03681,thumbnail,5
user_03682,email,5
user_03683,thumbnail,1
user_03684,email,5
user_03685,index,1
user_03686,report,4
user_03687,export,2
user_03688,export,5
user_03689,export,2
user_03690,index,3
user_03691,report,1
user_03692,thumbnail,1
user_03693,index,3
user_03694,index,2
user_03695,export,2
user_03696,export,4
user_03697,email,4
user_03698,report,5
user_03699,email,1
user_03700,export,4
user_03701,thumbnail,5
user_03702,report,5
user_03703,thumbnail,2
user_03704,index,5
user_03705,index,4
user_03706,thumbnail,4
user_03707,thumbnail,4
user_03708,export,5
user_03709,thumbnail,1
user_03710,report,2
user_03711,index,1
user_03712,email,4
user_03713,email,2
user_03714,report,3
user_03715,index,1
user_03716,thumbnail,5
user_03717,email,4
user_03718,report,5
user_03719,thumbnail,2
user_03720,thumbnail,5
user_03721,index,1
user_03722,email,3
user_03723,index,1
user_03724,report,3
user_03725,export,3
user_03726,index,5
user_03727,report,4
user_03728,email,4
user_03729,index,2
user_03730,index,5
user_03731,report,1
user_03732,thumbnail,4
user_03733,index,4
user_03734,index,3
user_03735,email,3
user_03736,thumbnail,4
user_03737,export,2
user_03738,email,3
user_03739,thumbnail,3
user_03740,report,2
user_03741,index,4
user_03742,email,2
user_03743,thumbnail,3
user_03744,email,3
user_03745,index,1
user_03746,export,2
user_03747,index,5
user_03748,export,1
user_03749,export,1
user_03750,report,5
user_03751,export,1
user_03752,export,1
user_03753,report,4
user_03754,index,2
user_03755,index,4
user_03756,export,3
user_03757,export,2
user_03758,report,1
user_03759,export,3
user_03760,email,1
user_03761,thumbnail,2
user_03762,index,1
user_03763,index,5
user_03764,email,1
user_03765,report,4
user_03766,report,2
user_03767,thumbnail,2
user_03768,email,5
user_03769,email,5
user_03770,thumbnail,2
user_03771,export,5
user_03772,index,1
user_03773,thumbnail,3
user_03774,index,1
user_03775,index,2
user_03776,export,2
user_03777,export,5
user_03778,export,4
user_03779,thumbnail,4
user_03780,report,1
user_03781,report,2
user_03782,thumbnail,4
user_03783,export,5
user_03784,report,3
user_03785,export,1
user_03786,thumbnail,1
user_03787,index,3
user_03788,email,3
user_03789,thumbnail,1
user_03790,report,2
user_03791,export,4
user_03792,email,4
user_03793,thumbnail,3
user_03794,email,2
user_03795,index,2
user_03796,export,2
user_03797,email,5
user_03798,report,1
user_03799,report,4
user_03800,email,1
user_03801,thumbnail,2
user_03802,report,1
user_03803,index,3
user_03804,email,4
user_03805,thumbnail,2
user_03806,thumbnail,1
user_03807,email,1
user_03808,thumbnail,5
user_03809,thumbnail,5
user_03810,export,2
user_03811,index,5
user_03812,email,2
user_03813,thumbnail,5
user_03814,export,5
user_03815,index,4
user_03816,report,1
user_03817,email,1
user_03818,index,5
user_03819,email,5
user_03820,report,5
user_03821,email,2
user_03822,export,3
user_03823,thumbnail,2
user_03824,export,5
user_03825,export,5
user_03826,thumbnail,2
user_03827,email,3
user_03828,index,4
user_03829,report,2
user_03830,email,4
user_03831,thumbnail,5
user_03832,export,5
user_03833,email,3
user_03834,thumbnail,4
user_03835,email,4
user_03836,thumbnail,2
user_03837,index,4
user_03838,export,3
user_03839,export,1
user_03840,report,1
user_03841,thumbnail,5
user_03842,report,2
user_03843,export,3
user_03844,index,5
user_03845,index,1
user_03846,index,1
user_03847,thumbnail,3
user_03848,export,4
user_03849,email,2
user_03850,index,3
user_03851,thumbnail,1
user_03852,report,2
user_03853,report,2
user_03854,email,5
user_03855,report,4
user_03856,email,1
user_03857,report,3
user_03858,report,1
user_03859,export,4
user_03860,thumbnail,2
user_03861,thumbnail,1
user_03862,thumbnail,1
user_03863,export,2
user_03864,export,3
user_03865,index,1
user_03866,index,3
user_03867,email,5
user_03868,thumbnail,5
user_03869,report,2
user_03870,report,5
user_03871,email,3
user_03872,thumbnail,3
user_03873,index,1
user_03874,thumbnail,1
user_03875,report,4
user_03876,export,1
user_03877,export,1
user_03878,report,2
user_03879,report,4
user_03880,thumbnail,4
user_03881,thumbnail,4
user_03882,email,4
user_03883,index,4
user_03884,email,1
user_03885,export,4
user_03886,export,2
user_03887,index,3
user_03888,report,4
user_03889,thumbnail,1
user_03890,thumbnail,2
user_03891,index,1
user_03892,index,3
user_03893,export,1
user_03894,email,5
user_03895,export,4
user_03896,email,4
user_03897,index,1
user_03898,thumbnail,5
user_03899,thumbnail,3
user_03900,report,3
user_03901,export,2
user_03902,index,2
user_03903,report,5
user_03904,thumbnail,3
user_03905,email,4
user_03906,thumbnail,3
user_03907,index,2
user_03908,email,1
user_03909,index,2
user_03910,index,3
user_03911,email,2
user_03912,email,4
user_03913,export,4
user_03914,index,5
user_03915,thumbnail,4
user_03916,index,3
user_03917,thumbnail,5
user_03918,email,1
user_03919,export,1
user_03920,export,2
user_03921,index,3
user_03922,thumbnail,3
user_03923,thumbnail,2
user_03924,index,5
user_03925,email,1
user_03926,thumbnail,3
user_03927,report,3
user_03928,thumbnail,4
user_03929,report,4
user_03930,report,1
user_03931,report,5
user_03932,export,5
user_03933,export,4
user_03934,thumbnail,5
user_03935,email,4
user_03936,report,2
user_03937,thumbnail,2
user_03938,report,3
user_03939,email,4
user_03940,report,2
user_03941,thumbnail,1
user_03942,email,3
user_03943,email,3
user_03944,thumbnail,3
user_03945,thumbnail,4
user_03946,index,4
user_03947,export,1
user_03948,report,1
user_03949,index,5
user_03950,index,3
user_03951,email,3
user_03952,index,3
user_03953,index,5
user_03954,export,1
user_03955,export,5
user_03956,email,1
user_03957,export,1
user_03958,thumbnail,1
user_03959,report,1
user_03960,report,1
user_03961,report,2
user_03962,thumbnail,3
user_03963,export,4
user_03964,index,3
user_03965,index,2
user_03966,thumbnail,5
user_03967,email,1
user_03968,export,4
user_03969,email,4
user_03970,report,1
user_03971,email,2
user_03972,report,1
user_03973,email,4
user_03974,report,5
user_03975,email,4
user_03976,thumbnail,3
user_03977,thumbnail,1
user_03978,index,5
user_03979,export,5
user_03980,thumbnail,1
user_03981,email,5
user_03982,report,1
user_03983,report,2
user_03984,report,3
user_03985,index,1
user_03986,index,5
user_03987,email,5
user_03988,index,3
user_03989,report,2
user_03990,export,3
user_03991,thumbnail,5
user_03992,index,1
user_03993,index,5
user_03994,report,1
user_03995,report,1
user_03996,email,2
user_03997,report,4
user_03998,index,1
user_03999,export,5
user_04000,export,1
user_04001,report,2
user_04002,email,1
user_04003,email,2
user_04004,report,2
user_04005,thumbnail,1
user_04006,email,1
user_04007,export,5
user_04008,thumbnail,3
user_04009,thumbnail,4
user_04010,export,2
user_04011,email,2
user_04012,export,4
user_04013,index,4
user_04014,email,2
user_04015,email,1
user_04016,email,1
user_04017,export,3
user_04018,report,2
user_04019,index,4
user_04020,export,1
user_04021,report,5
user_04022,report,1
user_04023,report,1
user_04024,thumbnail,1
user_04025,report,5
user_04026,export,2
user_04027,export,4
user_04028,report,3
user_04029,report,3
user_04030,index,4
user_04031,thumbnail,1
user_04032,thumbnail,4
user_04033,email,2
user_04034,index,1
user_04035,export,4
user_04036,report,3
user_04037,report,3
user_04038,email,3
user_04039,report,3
user_04040,export,1
user_04041,thumbnail,4
user_04042,export,2
user_04043,export,4
user_04044,email,4
user_04045,email,3
user_04046,thumbnail,4
user_04047,report,5
user_04048,report,1
user_04049,export,3
user_04050,index,5
user_04051,export,2
user_04052,thumbnail,1
user_04053,email,3
user_04054,export,5
user_04055,index,1
user_04056,index,5
user_04057,thumbnail,5
user_04058,thumbnail,4
user_04059,thumbnail,1
user_04060,thumbnail,3
user_04061,report,4
user_04062,index,2
user_04063,index,3
user_04064,thumbnail,1
user_04065,export,1
user_04066,export,4
user_04067,email,3
user_04068,email,2
user_04069,email,4
user_04070,report,3
user_04071,report,1
user_04072,email,5
user_04073,thumbnail,4
user_04074,index,5
user_04075,index,3
user_04076,export,2
user_04077,index,1
user_04078,email,4
user_04079,index,2
user_04080,export,4
user_04081,thumbnail,2
user_04082,report,2
user_04083,export,5
user_04084,thumbnail,4
user_04085,email,1
user_04086,index,3
user_04087,report,5
user_04088,export,3
user_04089,report,2
user_04090,thumbnail,5
user_04091,report,5
user_04092,email,3
user_04093,report,1
user_04094,thumbnail,1
user_04095,report,3
user_04096,thumbnail,5
user_04097,export,5
user_04098,email,3
user_04099,index,5
user_04100,thumbnail,4
user_04101,thumbnail,2
user_04102,index,4
user_04103,report,1
user_04104,email,1
user_04105,thumbnail,4
user_04106,index,4
user_04107,report,4
user_04108,email,2
user_04109,thumbnail,2
user_04110,thumbnail,2
user_04111,report,5
user_04112,thumbnail,3
user_04113,thumbnail,4
user_04114,index,3
user_04115,thumbnail,3
user_04116,email,4
user_04117,thumbnail,2
user_04118,thumbnail,1
user_04119,export,2
user_04120,index,3
user_04121,email,3
user_04122,thumbnail,4
user_04123,export,5
user_04124,export,2
user_04125,thumbnail,2
user_04126,email,5
user_04127,export,4
user_04128,email,4
user_04129,email,3
user_04130,report,2
user_04131,report,1
user_04132,index,3
user_04133,report,3
user_04134,index,3
user_04135,thumbnail,4
user_04136,thumbnail,5
user_04137,export,4
user_04138,export,4
user_04139,report,2
user_04140,export,2
user_04141,thumbnail,3
user_04142,email,2
user_04143,report,2
user_04144,report,3
user_04145,thumbnail,2
user_04146,report,1
user_04147,report,5
user_04148,export,4
user_04149,export,1
user_04150,index,3
user_04151,email,3
user_04152,thumbnail,4
user_04153,email,2
user_04154,export,4
user_04155,index,5
user_04156,email,1
user_04157,export,2
user_04158,index,1
user_04159,thumbnail,2
user_04160,export,5
user_04161,export,3
user_04162,export,4
user_04163,thumbnail,5
user_04164,email,1
user_04165,index,1
user_04166,email,5
user_04167,thumbnail,1
user_04168,email,1
user_04169,export,5
user_04170,index,2
user_04171,report,1
user_04172,report,2
user_04173,thumbnail,2
user_04174,export,2
user_04175,thumbnail,5
user_04176,report,4
user_04177,email,1
user_04178,export,4
user_04179,thumbnail,3
user_04180,report,4
user_04181,index,5
user_04182,index,4
user_04183,thumbnail,5
user_04184,thumbnail,2
user_04185,email,5
user_04186,export,2
user_04187,email,4
user_04188,export,4
user_04189,index,2
user_04190,thumbnail,5
user_04191,report,5
user_04192,thumbnail,3
user_04193,thumbnail,5
user_04194,index,1
user_04195,report,5
user_04196,thumbnail,1
user_04197,index,5
user_04198,report,2
user_04199,thumbnail,1
user_04200,thumbnail,3
user_04201,index,1
user_04202,export,5
user_04203,thumbnail,1
user_04204,export,3
user_04205,export,2
user_04206,report,1
user_04207,email,1
user_04208,thumbnail,3
user_04209,report,1
user_04210,thumbnail,5
user_04211,email,2
user_04212,thumbnail,4
user_04213,report,4
user_04214,thumbnail,2
user_04215,export,2
user_04216,thumbnail,5
user_04217,export,4
user_04218,index,1
user_04219,report,1
user_04220,index,1
user_04221,email,2
user_04222,thumbnail,3
user_04223,index,4
user_04224,index,1
user_04225,thumbnail,1
user_04226,thumbnail,3
user_04227,export,3
user_04228,email,4
user_04229,email,4
user_04230,index,2
user_04231,report,1
user_04232,index,5
user_04233,report,1
user_04234,export,4
user_04235,export,3
user_04236,thumbnail,2
user_04237,report,5
user_04238,email,4
user_04239,thumbnail,5
user_04240,email,1
user_04241,email,2
user_04242,email,1
user_04243,report,2
user_04244,export,5
user_04245,index,5
user_04246,email,2
user_04247,email,4
user_04248,email,1
user_04249,email,1
user_04250,index,3
user_04251,email,1
user_04252,report,2
user_04253,report,5
user_04254,report,3
user_04255,index,2
user_04256,index,1
user_04257,report,2
user_04258,thumbnail,5
user_04259,export,4
user_04260,index,3
user_04261,email,2
user_04262,export,3
user_04263,report,5
user_04264,email,4
user_04265,thumbnail,4
user_04266,export,5
user_04267,export,3
user_04268,export,1
user_04269,index,3
user_04270,export,3
user_04271,thumbnail,3
user_04272,thumbnail,2
user_04273,thumbnail,3
user_04274,export,2
user_04275,export,2
user_04276,index,5
user_04277,export,4
user_04278,thumbnail,4
user_04279,thumbnail,2
user_04280,thumbnail,5
user_04281,email,4
user_04282,report,2
user_04283,email,5
user_04284,export,2
user_04285,email,4
user_04286,report,5
user_04287,thumbnail,5
user_04288,index,2
user_04289,export,4
user_04290,index,2
user_04291,report,4
user_04292,email,1
user_04293,thumbnail,2
user_04294,export,4
user_04295,index,2
user_04296,thumbnail,1
user_04297,index,5
user_04298,email,5
user_04299,report,3
user_04300,thumbnail,3
user_04301,export,5
user_04302,email,5
user_04303,export,5
user_04304,report,2
user_04305,export,5
user_04306,export,3
user_04307,export,5
user_04308,report,3
user_04309,report,5
user_04310,export,5
user_04311,report,1
user_04312,index,4
user_04313,thumbnail,5
user_04314,report,3
user_04315,export,5
user_04316,email,3
user_04317,email,5
user_04318,export,4
user_04319,email,3
user_04320,email,3
user_04321,report,5
user_04322,email,4
user_04323,index,5
user_04324,export,3
user_04325,email,4
user_04326,email,1
user_04327,index,5
user_04328,export,1
user_04329,index,4
user_04330,thumbnail,2
user_04331,report,4
user_04332,export,3
user_04333,email,3
user_04334,export,1
user_04335,report,5
user_04336,index,5
user_04337,report,2
user_04338,export,3
user_04339,export,5
user_04340,email,1
user_04341,thumbnail,3
user_04342,thumbnail,1
user_04343,export,4
user_04344,export,2
user_04345,thumbnail,5
user_04346,thumbnail,1
user_04347,thumbnail,5
user_04348,thumbnail,1
user_04349,thumbnail,1
user_04350,index,5
user_04351,report,1
user_04352,export,4
user_04353,report,4
user_04354,thumbnail,1
user_04355,report,1
user_04356,thumbnail,1
user_04357,thumbnail,2
user_04358,email,3
user_04359,thumbnail,2
user_04360,email,3
user_04361,email,3
user_04362,index,5
user_04363,index,4
user_04364,thumbnail,2
user_04365,index,3
user_04366,email,3
user_04367,email,2
user_04368,index,5
user_04369,export,3
user_04370,index,2
user_04371,export,3
user_04372,thumbnail,4
user_04373,email,2
user_04374,export,1
user_04375,report,3
user_04376,index,4
user_04377,index,5
user_04378,export,3
user_04379,email,5
user_04380,report,2
user_04381,report,5
user_04382,thumbnail,2
user_04383,email,1
user_04384,report,5
user_04385,export,2
user_04386,thumbnail,5
user_04387,export,5
user_04388,email,5
user_04389,thumbnail,2
user_04390,email,2
user_04391,thumbnail,5
user_04392,index,4
user_04393,thumbnail,3
user_04394,thumbnail,4
user_04395,export,5
user_04396,report,5
user_04397,email,3
user_04398,index,4
user_04399,export,4
user_04400,index,4
user_04401,email,3
user_04402,report,4
user_04403,email,1
user_04404,export,3
user_04405,thumbnail,2
user_04406,email,1
user_04407,report,4
user_04408,export,2
user_04409,export,4
user_04410,index,4
user_04411,email,5
user_04412,report,2
user_04413,index,3
user_04414,thumbnail,5
user_04415,export,1
user_04416,index,2
user_04417,email,3
user_04418,report,4
user_04419,thumbnail,2
user_04420,index,1
user_04421,report,1
user_04422,index,5
user_04423,report,2
user_04424,report,3
user_04425,export,3
user_04426,email,4
user_04427,report,1
user_04428,thumbnail,5
user_04429,export,2
user_04430,export,1
user_04431,email,1
user_04432,report,2
user_04433,index,1
user_04434,thumbnail,5
user_04435,index,1
user_04436,index,1
user_04437,index,2
user_04438,index,3
user_04439,thumbnail,3
user_04440,index,3
user_04441,thumbnail,4
user_04442,export,3
user_04443,thumbnail,2
user_04444,index,1
user_04445,thumbnail,5
user_04446,thumbnail,4
user_04447,index,1
user_04448,thumbnail,2
user_04449,export,3
user_04450,report,3
user_04451,export,2
user_04452,thumbnail,2
user_04453,thumbnail,2
user_04454,thumbnail,5
user_04455,email,4
user_04456,index,4
user_04457,export,3
user_04458,thumbnail,5
user_04459,thumbnail,2
user_04460,report,4
user_04461,email,4
user_04462,report,4
user_04463,export,4
user_04464,thumbnail,5
user_04465,thumbnail,2
user_04466,thumbnail,4
user_04467,export,2
user_04468,index,5
user_04469,email,2
user_04470,email,3
user_04471,email,4
user_04472,email,5
user_04473,index,3
user_04474,thumbnail,5
user_04475,thumbnail,5
user_04476,export,3
user_04477,thumbnail,2
user_04478,email,5
user_04479,thumbnail,5
user_04480,export,4
user_04481,report,1
user_04482,email,5
user_04483,thumbnail,2
user_04484,email,3
user_04485,email,1
user_04486,report,5
user_04487,report,3
user_04488,thumbnail,3
user_04489,thumbnail,2
user_04490,email,1
user_04491,thumbnail,1
user_04492,report,4
user_04493,export,2
user_04494,thumbnail,1
user_04495,index,4
user_04496,export,5
user_04497,email,4
user_04498,thumbnail,2
user_04499,email,3
user_04500,email,1
user_04501,email,5
user_04502,export,3
user_04503,thumbnail,3
user_04504,export,3
user_04505,email,3
user_04506,email,4
user_04507,email,1
user_04508,thumbnail,1
user_04509,export,4
user_04510,export,2
user_04511,thumbnail,3
user_04512,export,4
user_04513,report,2
user_04514,index,1
user_04515,index,2
user_04516,thumbnail,2
user_04517,report,2
user_04518,email,2
user_04519,index,2
user_04520,export,2
user_04521,export,3
user_04522,index,2
user_04523,export,4
user_04524,email,1
user_04525,index,5
user_04526,index,2
user_04527,export,3
user_04528,thumbnail,2
user_04529,thumbnail,1
user_04530,thumbnail,2
user_04531,thumbnail,4
user_04532,email,5
user_04533,export,4
user_04534,export,3
user_04535,export,2
user_04536,index,5
user_04537,export,3
user_04538,report,4
user_04539,thumbnail,4
user_04540,email,3
user_04541,email,5
user_04542,export,2
user_04543,thumbnail,4
user_04544,index,3
user_04545,email,3
user_04546,export,3
user_04547,email,5
user_04548,thumbnail,5
user_04549,report,4
user_04550,export,3
user_04551,export,4
user_04552,report,4
user_04553,index,1
user_04554,thumbnail,1
user_04555,thumbnail,3
user_04556,index,1
user_04557,email,1
user_04558,email,1
user_04559,thumbnail,5
user_04560,email,3
user_04561,report,1
user_04562,index,3
user_04563,thumbnail,3
user_04564,export,1
user_04565,export,2
user_04566,thumbnail,4
user_04567,index,1
user_04568,email,3
user_04569,email,2
user_04570,index,4
user_04571,export,3
user_04572,report,5
user_04573,email,1
user_04574,export,5
user_04575,thumbnail,1
user_04576,thumbnail,2
user_04577,export,5
user_04578,export,5
user_04579,export,3
user_04580,thumbnail,3
user_04581,index,5
user_04582,index,5
user_04583,export,3
user_04584,email,5
user_04585,export,3
user_04586,report,4
user_04587,email,3
user_04588,index,5
user_04589,email,2
user_04590,thumbnail,5
user_04591,email,2
user_04592,email,5
user_04593,index,2
user_04594,report,3
user_04595,export,5
user_04596,report,4
user_04597,export,4
user_04598,index,3
user_04599,index,4
user_04600,email,1
user_04601,thumbnail,1
user_04602,report,5
user_04603,export,4
user_04604,index,4
user_04605,index,3
user_04606,report,2
user_04607,thumbnail,3
user_04608,email,3
user_04609,thumbnail,5
user_04610,index,2
user_04611,index,2
user_04612,index,4
user_04613,thumbnail,1
user_04614,thumbnail,2
user_04615,index,2
user_04616,report,1
user_04617,email,3
user_04618,thumbnail,1
user_04619,export,2
user_04620,email,5
user_04621,email,5
user_04622,index,5
user_04623,thumbnail,1
user_04624,export,4
user_04625,thumbnail,5
user_04626,email,3
user_04627,export,4
user_04628,report,1
user_04629,report,4
user_04630,email,3
user_04631,thumbnail,3
user_04632,export,1
user_04633,index,4
user_04634,index,1
user_04635,email,5
user_04636,thumbnail,5
user_04637,thumbnail,5
user_04638,export,2
user_04639,thumbnail,1
user_04640,report,1
user_04641,index,4
user_04642,export,3
user_04643,report,4
user_04644,thumbnail,2
user_04645,export,5
user_04646,thumbnail,1
user_04647,report,5
user_04648,export,3
user_04649,email,5
user_04650,export,2
user_04651,thumbnail,5
user_04652,report,4
user_04653,export,2
user_04654,report,5
user_04655,export,3
user_04656,export,5
user_04657,index,5
user_04658,email,2
user_04659,index,2
user_04660,report,3
user_04661,thumbnail,4
user_04662,export,3
user_04663,thumbnail,4
user_04664,export,1
user_04665,thumbnail,2
user_04666,email,4
user_04667,report,2
user_04668,thumbnail,1
user_04669,export,1
user_04670,index,5
user_04671,export,5
user_04672,thumbnail,5
user_04673,thumbnail,2
user_04674,thumbnail,1
user_04675,thumbnail,4
user_04676,email,5
user_04677,thumbnail,1
user_04678,index,1
user_04679,report,2
user_04680,report,5
user_04681,report,1
user_04682,email,4
user_04683,report,3
user_04684,report,1
user_04685,index,4
user_04686,report,3
user_04687,email,5
user_04688,thumbnail,2
user_04689,index,4
user_04690,thumbnail,3
user_04691,report,3
user_04692,report,4
user_04693,report,3
user_04694,thumbnail,5
user_04695,report,5
user_04696,index,2
user_04697,thumbnail,3
user_04698,report,4
user_04699,index,2
user_04700,report,1
user_04701,report,5
user_04702,index,2
user_04703,thumbnail,4
user_04704,thumbnail,2
user_04705,index,5
user_04706,email,4
user_04707,thumbnail,4
user_04708,thumbnail,5
user_04709,thumbnail,1
user_04710,report,4
user_04711,thumbnail,4
user_04712,thumbnail,2
user_04713,index,3
user_04714,email,3
user_04715,index,1
user_04716,email,5
user_04717,index,5
user_04718,index,5
user_04719,email,2
user_04720,export,3
user_04721,thumbnail,2
user_04722,index,3
user_04723,export,5
user_04724,index,2
user_04725,email,5
user_04726,export,2
user_04727,export,1
user_04728,index,2
user_04729,report,4
user_04730,export,4
user_04731,thumbnail,5
user_04732,thumbnail,5
user_04733,report,1
user_04734,export,3
user_04735,email,2
user_04736,index,2
user_04737,thumbnail,2
user_04738,index,3
user_04739,email,5
user_04740,export,3
user_04741,thumbnail,2
user_04742,export,2
user_04743,index,1
user_04744,thumbnail,5
user_04745,index,5
user_04746,thumbnail,2
user_04747,thumbnail,5
user_04748,thumbnail,4
user_04749,email,1
user_04750,index,1
user_04751,report,5
user_04752,index,3
user_04753,index,5
user_04754,thumbnail,1
user_04755,export,2
user_04756,index,3
user_04757,report,2
user_04758,report,1
user_04759,email,4
user_04760,thumbnail,1
user_04761,export,3
user_04762,index,5
user_04763,report,1
user_04764,index,1
user_04765,thumbnail,2
user_04766,email,1
user_04767,export,5
user_04768,export,1
user_04769,email,5
user_04770,thumbnail,5
user_04771,email,3
user_04772,thumbnail,4
user_04773,thumbnail,3
user_04774,email,5
user_04775,report,4
user_04776,index,1
user_04777,index,1
user_04778,report,1
user_04779,thumbnail,4
user_04780,thumbnail,3
user_04781,index,5
user_04782,email,2
user_04783,email,5
user_04784,index,2
user_04785,report,4
user_04786,export,2
user_04787,email,2
user_04788,thumbnail,5
user_04789,thumbnail,1
user_04790,email,1
user_04791,thumbnail,4
user_04792,email,3
user_04793,thumbnail,5
user_04794,thumbnail,3
user_04795,report,4
user_04796,report,5
user_04797,export,3
user_04798,export,4
user_04799,thumbnail,1
user_04800,index,3
user_04801,export,3
user_04802,export,1
user_04803,report,4
user_04804,email,5
user_04805,thumbnail,4
user_04806,thumbnail,2
user_04807,report,5
user_04808,email,2
user_04809,export,4
user_04810,email,2
user_04811,index,2
user_04812,index,2
user_04813,index,3
user_04814,export,5
user_04815,email,2
user_04816,thumbnail,3
user_04817,export,4
user_04818,index,5
user_04819,report,5
user_04820,thumbnail,4
user_04821,report,4
user_04822,index,2
user_04823,index,5
user_04824,index,5
user_04825,index,2
user_04826,thumbnail,3
user_04827,report,4
user_04828,thumbnail,5
user_04829,export,3
user_04830,index,5
user_04831,thumbnail,5
user_04832,export,1
user_04833,report,3
user_04834,export,3
user_04835,export,3
user_04836,email,1
user_04837,thumbnail,5
user_04838,email,1
user_04839,index,1
user_04840,thumbnail,3
user_04841,index,1
user_04842,index,1
user_04843,export,5
user_04844,thumbnail,4
user_04845,email,3
user_04846,email,4
user_04847,report,5
user_04848,thumbnail,1
user_04849,report,5
user_04850,export,1
user_04851,report,5
user_04852,email,5
user_04853,index,2
user_04854,thumbnail,4
user_04855,thumbnail,1
user_04856,index,4
user_04857,email,1
user_04858,report,3
user_04859,email,5
user_04860,thumbnail,5
user_04861,email,3
user_04862,export,3
user_04863,email,1
user_04864,thumbnail,2
user_04865,thumbnail,2
user_04866,email,2
user_04867,thumbnail,2
user_04868,export,1
user_04869,report,3
user_04870,report,4
user_04871,report,3
user_04872,email,1
user_04873,export,5
user_04874,report,4
user_04875,export,5
user_04876,report,2
user_04877,index,1
user_04878,index,5
user_04879,thumbnail,3
user_04880,export,3
user_04881,index,4
user_04882,report,4
user_04883,index,2
user_04884,index,3
user_04885,index,5
user_04886,thumbnail,5
user_04887,email,4
user_04888,index,5
user_04889,index,3
user_04890,email,5
user_04891,email,2
user_04892,email,3
user_04893,report,1
user_04894,index,2
user_04895,report,2
user_04896,thumbnail,2
user_04897,thumbnail,4
user_04898,email,3
user_04899,index,4
user_04900,report,4
user_04901,report,3
user_04902,report,3
user_04903,thumbnail,1
user_04904,thumbnail,3
user_04905,thumbnail,1
user_04906,thumbnail,5
user_04907,thumbnail,1
user_04908,export,2
user_04909,email,2
user_04910,index,3
user_04911,email,3
user_04912,thumbnail,3
user_04913,report,3
user_04914,thumbnail,5
user_04915,email,2
user_04916,email,5
user_04917,thumbnail,4
user_04918,report,2
user_04919,export,1
user_04920,export,1
user_04921,report,5
user_04922,email,1
user_04923,export,2
user_04924,thumbnail,2
user_04925,export,4
user_04926,report,1
user_04927,report,4
user_04928,index,2
user_04929,thumbnail,1
user_04930,index,2
user_04931,index,4
user_04932,report,5
user_04933,export,3
user_04934,report,5
user_04935,email,3
user_04936,thumbnail,2
user_04937,export,2
user_04938,report,2
user_04939,thumbnail,2
user_04940,thumbnail,3
user_04941,thumbnail,1
user_04942,index,1
user_04943,index,2
user_04944,report,4
user_04945,thumbnail,1
user_04946,report,2
user_04947,export,3
user_04948,report,4
user_04949,export,3
user_04950,export,3
user_04951,report,3
user_04952,email,3
user_04953,thumbnail,1
user_04954,email,2
user_04955,export,4
user_04956,report,2
user_04957,index,3
user_04958,report,1
user_04959,thumbnail,2
user_04960,index,1
user_04961,report,5
user_04962,export,2
user_04963,report,5
user_04964,report,1
user_04965,export,3
user_04966,report,1
user_04967,thumbnail,4
user_04968,email,1
user_04969,export,5
user_04970,report,5
user_04971,thumbnail,5
user_04972,thumbnail,2
user_04973,email,1
user_04974,export,4
user_04975,export,2
user_04976,email,2
user_04977,thumbnail,1
user_04978,index,4
user_04979,export,2
user_04980,thumbnail,2
user_04981,index,1
user_04982,email,5
user_04983,index,2
user_04984,index,2
user_04985,report,2
user_04986,thumbnail,5
user_04987,email,4
user_04988,thumbnail,1
user_04989,index,5
user_04990,email,2
user_04991,report,3
user_04992,export,4
user_04993,report,5
user_04994,export,1
user_04995,thumbnail,3
user_04996,index,5
user_04997,index,4
user_04998,email,5
user_04999,export,5
user_05000,index,2
